Sample ID,Date,station_code,Lat,Long,DO(mg/l),Temperature (deg cels),Salinity(ppt),pH,Turbidity(NTU),Phosphate (mg/L),Ammonium (mg/L),Nitrate+Nitrite (mg/L),Chlorophyll-a (ug/L),ATemp_max,RH_mean,BP_mean,TotPAR_max,Discharge (cfs)
153,8/8/2006,apadbnut,29.6747,-85.0583,6.5,31.4,20.5,7.8,6.5,0.001,0.005,0.008,6.79,33.4,80.21875,1019.020833,0,7120
83,2/7/2005,apaegnut,29.7308,-84.9452,10.3,13.2,2.4,7.9,8,0.003,0.03,0.08,4.49,19.7,78.4375,1024.666667,1056.8,28200
321,6/9/2008,apapcnut,29.6079,-85.0196,6.4,30.2,28.7,8.1,9.9,0.002,0.032,0.0062,4.2,31,80.09375,1016.09375,1658.5,6350
564,7/13/2011,apambnut,29.6677,-84.994,5.35,29.7,28.4,8,6.7,0.003,0.018,0.003,11.2,30.9,86.5625,1012.385417,1841.8,6690
847,10/3/2016,apanhnut,29.6504,-84.9289,7.17,25.7,20.33,7.8,3.3,0.004,0.007,0.004,6.4,28.9,78.32291667,1013.1875,1090.1,5950
710,7/9/2013,apaesnut,29.7858,-84.8752,3.31,27.4,0.8,7,14.3,0.004,0.07,0.024,2,30.4,79.75,1020.802083,1371.7,38900
808,6/1/2016,apawpnut,29.6379,-85.089,6.9,27.7,34.2,8.3,7.2,0.004,0.003,0.004,8.1,30,81.13541667,1015.916667,1897.1,14600
238,7/10/2007,apanhnut,29.6504,-84.9289,4.6,29.7,31.4,8.4,7.1,0.003,0.028,0.01,4,31.8,80.28125,1017.989583,1896.6,6390
794,3/1/2016,apambnut,29.6677,-84.994,10,17.3,2,8.4,18.9,0.006,0.007,0.47,5.5,21.9,88.79166667,1019.479167,1415.3,41300
267,11/5/2007,apapcnut,29.6079,-85.0196,7.3,20.1,28,8.3,2.7,0.002,0.016,0.003,2.4,25,68.83333333,1019.46875,1211.3,6600
491,7/13/2010,apapcnut,29.6079,-85.0196,6.62,30,33.8,8,8.5,0.002,0.0177,0.0021,8.9,31.3,83.125,1014.65625,1825.5,12500
374,4/15/2009,apascnut,29.6067,-84.9467,6.94,20,30.3,8.4,5.8,0.002,0.012,0.0062,4.7,21.3,71.01041667,1016.697917,1808.6,69500
343,9/8/2008,apacpnut,29.7021,-84.8802,5.3,29.8,19.4,7.8,9.1,0.005,0.097,0.034,5.8,30.9,79.23958333,1016.40625,1822.6,19100
109,6/6/2005,apaegnut,29.7308,-84.9452,7.01,28,1.4,8.2,8.6,0.001,0.056,0.38,5.98,30.1,81.09375,1017.083333,1579.7,26400
299,3/11/2008,apapcnut,29.6079,-85.0196,9.33,15.3,7.4,7.8,3.9,0.004,0.054,0.208,3.4,19.3,92.13541667,1018.5625,1141.2,36100
43,8/2/2004,apanhnut,29.6504,-84.9289,6.4,29.7,18.6,7.8,17.5,0.001,0.004,0.009,11.5,32.1,82.89010989,1013.229167,1675.6,12600
448,2/2/2010,apawpnut,29.6379,-85.089,8.88,11.8,1.8,8,31.1,0.007,0.036,0.365,4.5,16.2,85.09375,1017.385417,1199.4,79200
659,11/6/2012,apapcnut,29.6079,-85.0196,6.78,20.3,34,8.3,11.2,0.003,0.058,0.005,4.24,20.8,74.36458333,1012.96875,1312.5,7670
712,7/9/2013,apascnut,29.6067,-84.9467,6.3,28,31.5,8,3.2,0.004,0.016,0.022,2.8,30.4,79.75,1020.802083,1371.7,38900
645,8/7/2012,aparvnut,29.7791,-85.0434,5.25,29.7,0.1,7,4.7,0.003,0.021,0.115,2.01,31,80.19791667,1014.729167,1833.9,6990
290,1/6/2008,apacpnut,29.7021,-84.8802,9.5,10.9,29.4,8.5,3.4,0.003,0.017,0.01,0.4,17.9,97.91666667,1025.177083,1171.3,14100
565,7/13/2011,apascnut,29.6067,-84.9467,5.01,30,32,7.9,4.6,0.003,0.036,0.007,8.3,30.9,86.5625,1012.385417,1841.8,6690
157,9/6/2006,apaesnut,29.7858,-84.8752,4.5,29.6,12.6,7.7,9.2,0.003,0.018,0.008,14.16,30.2,85.35789474,1013.395833,1788,7300
600,12/13/2011,apaesnut,29.7858,-84.8752,9.21,14.4,19,8.2,11.5,0.003,0.051,0.003,8.9,22.5,79.47916667,1026.53125,1064.2,6410
55,11/8/2004,apadbnut,29.6747,-85.0583,104.4,20.2,16.2,8.1,4.2,0.001,0.012,0.076,3,24.7,77.82022472,1019.385417,988.9,21300
874,8/10/2021,apambnut,29.6677,-84.994,8.03,30.7,14.12,8,3.36,0.004,0.009,0.023,9.3,31.7,84.11458333,1020.479167,1872.1,23500
185,1/9/2007,apascnut,29.6067,-84.9467,7.3,16.6,33,8.1,7.6,0.004,0.004,0.007,1.5,18.2,53.36458333,1024.53125,1219.8,28700
623,4/4/2012,apanhnut,29.6504,-84.9289,4.8,24.9,22,8.2,2.3,0.005,0.016,0.097,4.24,25.5,87.65625,1012,1801.6,12100
398,7/14/2009,apaegnut,29.7308,-84.9452,5.6,28.7,16.3,8,7.2,0.001,0.063,0.196,4.9,30.5,82.25,1016.510417,1925.8,11800
569,8/3/2011,apadbnut,29.6747,-85.0583,5.86,30.2,17.1,8,7.9,0.003,0.015,0.004,11.8,33.2,86.05208333,1010.78125,1623.2,8220
116,10/3/2005,aparvnut,29.7791,-85.0434,6.1,27.3,0.1,7.8,13,0.004,0.013,0.59,1.71,30.4,80.71875,1019.197917,1402.9,13400
137,1/31/2006,apaebnut,29.7858,-84.8752,9.6,16.8,5.4,7.9,16.9,0.001,0.029,0.438,4.74,17.8,53.48958333,1018.864583,972.3,27500
636,7/3/2012,apanhnut,29.6504,-84.9289,6.5,29.1,26,8.3,3.6,0.003,0.013,0.014,3.13,31.4,82.6875,1017.041667,1788.7,7760
150,3/1/2006,apanhnut,29.6504,-84.9289,9.5,19.2,3.5,8,5.4,0.001,0.03,0.337,2.99,20.4,89.5625,1020.166667,1125.5,27600
291,2/11/2008,apapcnut,29.6079,-85.0196,8.33,15.8,15.4,8.4,3.2,0.002,0.033,0.196,2.4,19.4,69.52083333,1024,1375.5,27300
618,3/5/2012,apacpnut,29.7021,-84.8802,5.82,17.7,10.6,8.2,11.7,0.003,0.041,0.51,8.04,22.5,69.1875,1025.322917,1290,23700
377,4/15/2009,aparvnut,29.7791,-85.0434,5.93,19,0,6.8,32.2,0.017,0.037,0.021,1.3,21.3,71.01041667,1016.697917,1808.6,69500
862,8/7/2018,apacpnut,29.7021,-84.8802,5.77,30,25.95,8,5.2,0.004,0.003,0.005,13,31.7,82.71875,1018.552083,1908.6,33000
612,2/7/2012,apaegnut,29.7308,-84.9452,8.03,17.6,4.1,8.3,8.9,0.007,0.022,0.335,8.71,19.4,88.25,1018.635417,844.2,18300
528,1/11/2011,apascnut,29.6067,-84.9467,7.73,12.2,32.2,8.2,5.5,0.003,0.053,0.003,1.3,8.2,94.41666667,1023.739583,896.6,14400
529,1/11/2011,apanhnut,29.6504,-84.9289,8.87,10.5,21.2,8.2,8.3,0.003,0.041,0.056,7.2,8.2,94.41666667,1023.739583,896.6,14400
133,1/4/2006,apascnut,29.6067,-84.9467,6.2,16.1,33.2,7.8,4.1,0.001,0.022,0.007,1.71,17.6,84.8125,1018.770833,1051.4,27500
425,11/3/2009,apapcnut,29.6079,-85.0196,7.82,19.1,19.6,6.3,9.2,0.001,0.0193,0.025,9.6,23.2,75.65625,1020.979167,1356.6,28300
598,12/13/2011,apambnut,29.6677,-84.994,8.52,13.3,24.2,8,16.8,0.009,0.016,0.014,7.4,22.5,79.47916667,1026.53125,1064.2,6410
479,6/8/2010,apadbnut,29.6747,-85.0583,7.2,29.3,23.6,7.6,6.7,0.002,0.0177,0.026,10.5,30.4,66.89583333,1016.333333,1840.3,19200
262,10/9/2007,apascnut,29.6067,-84.9467,5.9,27.2,35.2,8.2,5.2,0.002,0.008,0.003,5.6,28.3,85.3125,1014.15625,1596.2,7640
142,2/1/2006,apanhnut,29.6504,-84.9289,8.5,15.3,11.6,7.8,4.1,0.001,0.028,0.278,3.54,16.8,76.16666667,1018.635417,979.6,26700
753,2/10/2014,apambnut,29.6677,-84.994,10.99,14.8,4.5,8.5,5.3,0.004,0.014,0.58,3.5,38.7,99.01041667,1019.010417,0.8,25400
114,10/3/2005,apaegnut,29.7308,-84.9452,6.8,26.6,6.1,7.8,13.8,0.002,0.012,0.386,2.56,30.4,80.71875,1019.197917,1402.9,13400
231,7/10/2007,apadbnut,29.6747,-85.0583,5.1,30.9,33.9,8.2,10.4,0.003,0.037,0.002,5.6,31.8,80.28125,1017.989583,1896.6,6390
106,6/6/2005,apawpnut,29.6379,-85.089,7.8,29.5,9.2,8.2,4.6,0.001,0.006,0.25,0.85,30.1,81.09375,1017.083333,1579.7,26400
297,2/11/2008,apacpnut,29.7021,-84.8802,7.3,16.7,18.5,8.1,6.6,0.002,0.03,0.138,3.4,19.4,69.52083333,1024,1375.5,27300
421,10/6/2009,apascnut,29.6067,-84.9467,5.8,27.6,31.7,7.1,7.3,0.001,0.0193,0.004,5.6,31.7,89.85416667,1014.708333,1535.7,26500
755,2/10/2014,apaebnut,29.7858,-84.8752,10.1,14.7,4.6,8.3,3.9,0.004,0.017,0.21,18,38.7,99.01041667,1019.010417,0.8,25400
81,2/7/2005,apapcnut,29.6079,-85.0196,10.1,14.7,25.4,7.8,4,0.002,0.024,0.263,1.28,19.7,78.4375,1024.666667,1056.8,28200
390,6/9/2009,apaesnut,29.7858,-84.8752,7.4,29.9,1.9,7.9,10.1,0.001,0.0193,0.0025,22.6,31.8,76.15625,1014.9375,1767,26100
188,1/9/2007,aparvnut,29.7791,-85.0434,7.11,16.2,0.1,8.1,23.7,0.014,0.027,0.284,1.3,18.2,53.36458333,1024.53125,1219.8,28700
305,3/11/2008,aparvnut,29.7791,-85.0434,7.46,16.1,0.1,8,9.7,0.008,0.029,0.312,2.4,19.3,92.13541667,1018.5625,1141.2,36100
317,5/13/2008,apascnut,29.6067,-84.9467,6.28,24.1,35,8.3,9,0.002,0.018,0.0062,4.7,24.6,67.07291667,1016.59375,1642.5,7840
554,5/11/2011,aparvnut,29.7791,-85.0434,6.21,26.4,0.1,7.8,8.8,0.007,0.04,0.4,5.1,28.4,83.58333333,1014.645833,1585.1,10700
422,10/6/2009,apanhnut,29.6504,-84.9289,6.2,26.8,14,7.3,5.1,0.001,0.0193,0.042,12.3,31.7,89.85416667,1014.708333,1535.7,26500
134,1/4/2006,apanhnut,29.6504,-84.9289,7,16.7,13.8,8.2,4.5,0.002,0.019,0.198,2.44,17.6,84.8125,1018.770833,1051.4,27500
488,6/8/2010,apawpnut,29.6379,-85.089,6.92,29.2,26.1,8.4,20.1,0.002,0.0177,0.037,11.2,30.4,66.89583333,1016.333333,1840.3,19200
605,12/13/2011,aparvnut,29.7791,-85.0434,8.62,15.1,0.1,8.3,6.7,0.008,0.029,0.43,1.6,22.5,79.47916667,1026.53125,1064.2,6410
562,6/7/2011,aparvnut,29.7791,-85.0434,6,30.9,0.1,8.1,4.7,0.003,0.026,0.266,8,29.9,78.01041667,1013.65625,1593.9,6540
463,4/6/2010,apanhnut,29.6504,-84.9289,8.01,21.4,6.2,7.8,5.1,0.002,0.0177,0.334,2.9,27.8,68.83333333,1019.458333,1712,27900
761,5/6/2014,apadbnut,29.6747,-85.0583,8.1,24.6,0.8,7.5,3.4,0.005,0.036,0.32,8.1,25.8,81.375,1016.479167,1714.2,70900
16,2/9/2004,apapcnut,29.6079,-85.0196,9.18,11.9,22,8.1,7,0.001,0.005,0.063,5.1,16.1,77.41666667,1028.697917,1013.1,27800
5,12/8/2003,apacpnut,29.7021,-84.8802,9.53,44.68203947,11.7,7.7,2.6,0.002,0.004,0.171,2.136,14.7,85.01041667,1022.166667,1119.9,24400
831,8/2/2016,apapcnut,29.6079,-85.0196,6.5,31.6,28.1,8.1,4.68,0.004,0.005,0.004,6.4,31.9,84.17708333,1018.770833,1935.2,8280
484,6/8/2010,apanhnut,29.6504,-84.9289,7.43,30.6,21.2,8.2,6.4,0.002,0.0177,0.017,8,30.4,66.89583333,1016.333333,1840.3,19200
686,3/4/2013,apanhnut,29.6504,-84.9289,9.34,14.4,3.7,8.3,26.2,0.006,0.121,0.231,4.47,13.9,66.16666667,1021.854167,1264,104000
183,1/9/2007,apambnut,29.6677,-84.994,7.57,15.6,10.1,7.8,11.6,0.009,0.02,0.205,4,18.2,53.36458333,1024.53125,1219.8,28700
451,3/4/2010,apaebnut,29.7858,-84.8752,8.72,13,0.3,8.2,49.4,0.003,0.0177,0.222,8.7,13.9,54.13541667,1019.34375,1534.4,34900
631,5/9/2012,apanhnut,29.6504,-84.9289,6.45,26.9,19,8.2,4.8,0.003,0.021,0.077,6.26,27.7,80.6875,1010.166667,2001.7,7100
673,11/26/2012,apacpnut,29.7021,-84.8802,8.28,16.3,29.4,8.1,4.7,0.003,0.041,0.004,2.46,18.1,82.80208333,1022.208333,1042.8,6490
729,10/8/2013,apaegnut,29.7308,-84.9452,6.21,25.4,2.9,7.9,8.8,0.006,0.031,0.34,3.3,27.9,82.42708333,1013.677083,1370.5,14500
622,4/4/2012,apambnut,29.6677,-84.994,5.01,25.3,25.4,8.2,3.1,0.004,0.022,0.051,5.59,25.5,87.65625,1012,1801.6,12100
103,5/2/2005,apaegnut,29.7308,-84.9452,7.8,19.8,1.6,8,15.5,0.003,0.068,0.363,3.4,26.8,59.76041667,1018.291667,1431.8,37500
813,6/1/2016,apaesnut,29.7858,-84.8752,7.3,28,3.2,8.5,7.9,0.004,0.006,0.009,12,30,81.13541667,1015.916667,1897.1,14600
345,10/7/2008,apapcnut,29.6079,-85.0196,6.59,24.7,28.9,7.8,12.4,0.003,0.013,0.0062,8.3,26.1,88.66666667,1018.6875,1070,7450
322,6/9/2008,apaebnut,29.7858,-84.8752,5.1,29.7,9.2,8,17,0.002,0.058,0.0062,13.8,31,80.09375,1016.09375,1658.5,6350
261,10/9/2007,apaebnut,29.7858,-84.8752,5.3,26.9,29.8,8,14.4,0.002,0.008,0.003,14.3,28.3,85.3125,1014.15625,1596.2,7640
12,1/8/2004,apanhnut,29.6504,-84.9289,9.64,10.7,24,7.8,4.9,0.001,0.004,0.027,1.7,14.4,59.3125,1028.322917,1243.2,13600
829,8/2/2016,apawpnut,29.6379,-85.089,6.3,31.4,30.4,8,7.7,0.004,0.006,0.004,4.7,31.9,84.17708333,1018.770833,1935.2,8280
555,6/7/2011,apadbnut,29.6747,-85.0583,5.16,29.7,26,7.9,8.6,0.003,0.015,0.005,10.3,29.9,78.01041667,1013.65625,1593.9,6540
743,1/13/2014,apadbnut,29.6747,-85.0583,10.69,11.9,6.8,7.8,12.3,0.004,0.028,0.33,6.6,18,100,1018.052083,933.3,32100
166,11/1/2006,apambnut,29.6677,-84.994,7.17,21.5,15.7,7.8,8.6,0.001,0.008,0.059,4.1,26.4,78.27083333,1016.208333,1523.4,8360
797,3/1/2016,apanhnut,29.6504,-84.9289,10.3,16.6,2.4,8.4,13,0.004,0.006,0.43,3.6,21.9,88.79166667,1019.479167,1415.3,41300
677,1/8/2013,apaegnut,29.7308,-84.9452,9.4,13.4,13,8.4,3.9,0.003,0.013,0.255,1.34,21,82.98958333,1022.583333,1808.6,10300
551,5/11/2011,apascnut,29.6067,-84.9467,6.32,25.6,30.4,8.3,2.6,0.003,0.039,0.003,3.1,28.4,83.58333333,1014.645833,1585.1,10700
865,2/3/2020,apawpnut,29.6379,-85.089,8.18,15.6,34.46,8.1,12.7,0.004,0.005,0.014,14,21.6,86.03125,1020.552083,1289.9,34600
356,11/4/2008,apambnut,29.6677,-84.994,8.02,18.3,21,7.8,4.4,0.002,0.028,0.204,5.6,19.3,82.76041667,1019.614583,859.2,12200
703,5/8/2013,apacpnut,29.7021,-84.8802,7.91,21.6,15.9,8.3,8.9,0.003,0.065,0.1,5.59,24.7,82.02083333,1018.416667,1478.1,24600
568,8/3/2011,apawpnut,29.6379,-85.089,5.43,30.4,29.9,8,15.6,0.003,0.015,0.003,8.3,33.2,86.05208333,1010.78125,1623.2,8220
186,1/9/2007,apanhnut,29.6504,-84.9289,8.54,15.9,14.6,8,8.5,0.004,0.021,0.172,3.8,18.2,53.36458333,1024.53125,1219.8,28700
830,8/2/2016,apadbnut,29.6747,-85.0583,7,31.3,20.8,8.3,9.5,0.004,0.005,0.004,10,31.9,84.17708333,1018.770833,1935.2,8280
540,2/9/2011,aparvnut,29.7791,-85.0434,10.02,8.2,0,8.3,10.8,0.009,0.015,0.594,3.8,11.6,75.75,1019.427083,1115.7,26500
7,1/8/2004,apadbnut,29.6747,-85.0583,9.8,11.3,14.5,8.1,7.2,0.001,0.008,0.231,2.6,14.4,59.3125,1028.322917,1243.2,13600
349,10/7/2008,apascnut,29.6067,-84.9467,8.1,24.9,30.9,7.8,6.8,0.004,0.012,0.0062,9.4,26.1,88.66666667,1018.6875,1070,7450
841,9/12/2016,apaesnut,29.7858,-84.8752,4.8,30.5,20.3,7.4,5.05,0.004,0.045,0.004,12,31,81.27083333,1016.770833,1850.9,7260
11,1/8/2004,apaebnut,29.7858,-84.8752,10.55,10.3,11.3,8.3,7.6,0.001,0.004,0.026,13.7,14.4,59.3125,1028.322917,1243.2,13600
198,3/5/2007,apambnut,29.6677,-84.994,9.26,17.4,10.5,8.3,4.6,0.008,0.166,0.326,5,17.1,40.58333333,1026.333333,1624.1,23600
168,11/1/2006,apaesnut,29.7858,-84.8752,6.98,20.9,14.8,7.8,7.3,0.002,0.008,0.007,6.07,26.4,78.27083333,1016.208333,1523.4,8360
820,7/5/2016,apapcnut,29.6079,-85.0196,6.9,30.5,32.8,8.1,4.1,0.004,0.009,0.004,4,33.3,78.08333333,1019.875,2049.6,11400
823,7/5/2016,apaesnut,29.7858,-84.8752,6,29.9,1.8,7.8,15.9,0.004,0.068,0.02,7.5,33.3,78.08333333,1019.875,2049.6,11400
170,11/1/2006,apascnut,29.6067,-84.9467,6.02,22.6,33.7,7.7,8.9,0.001,0.006,0.007,1.41,26.4,78.27083333,1016.208333,1523.4,8360
158,9/6/2006,apanhnut,29.6504,-84.9289,5.9,29.6,23.7,8,4.7,0.002,0.007,0.007,6.49,30.2,85.35789474,1013.395833,1788,7300
594,11/2/2011,apacpnut,29.7021,-84.8802,5.83,18.2,34.5,8.1,66.3,0.003,0.018,0.004,6,22.1,76.14583333,1022.604167,1279.3,6290
799,3/1/2016,apadbnut,29.6747,-85.0583,10.5,18.2,5.7,8.3,7.8,0.004,0.007,0.35,2.9,21.9,88.79166667,1019.479167,1415.3,41300
632,5/9/2012,aparvnut,29.7791,-85.0434,6.11,27,0.1,8.3,6.2,0.003,0.055,0.451,4.92,27.7,80.6875,1010.166667,2001.7,7100
620,4/4/2012,apadbnut,29.6747,-85.0583,4.5,24.9,32.6,8.1,11.7,0.003,0.013,0.003,4.92,25.5,87.65625,1012,1801.6,12100
628,5/9/2012,apambnut,29.6677,-84.994,6.32,26.9,24.9,8.3,3.2,0.003,0.013,0.006,3.13,27.7,80.6875,1010.166667,2001.7,7100
8,1/8/2004,apambnut,29.6677,-84.994,9.46,11,17.8,8,10.8,0.001,0.005,0.155,4.3,14.4,59.3125,1028.322917,1243.2,13600
357,11/4/2008,apaegnut,29.7308,-84.9452,8.07,19,7.5,7.6,4.6,0.002,0.078,0.345,5.1,19.3,82.76041667,1019.614583,859.2,12200
427,12/8/2009,apadbnut,29.6747,-85.0583,9.1,13.7,2.7,7.4,14.5,0.008,0.036,0.27,2.7,19.2,84.8125,1016.270833,488.4,49300
284,12/4/2007,apacpnut,29.7021,-84.8802,6.2,16.5,33.1,8.3,10.3,0.004,0.021,0.012,2.7,16.3,65.33333333,1017.479167,1111.5,5550
236,7/10/2007,apaebnut,29.7858,-84.8752,6.6,31.4,14.4,8.2,13.7,0.002,0.029,0.0014,19.4,31.8,80.28125,1017.989583,1896.6,6390
199,3/5/2007,apaesnut,29.7858,-84.8752,9.63,16.5,2.8,8.2,48.5,0.005,0.043,0.078,17.6,17.1,40.58333333,1026.333333,1624.1,23600
375,4/15/2009,apanhnut,29.6504,-84.9289,7.4,19,1.3,8.4,31.6,0.015,0.063,0.209,1.6,21.3,71.01041667,1016.697917,1808.6,69500
721,9/4/2013,apadbnut,29.6747,-85.0583,5.49,28.1,2.1,7.6,8.7,0.008,0.036,0.19,5.5,31.1,84.08333333,1017.333333,1301.2,32000
678,1/8/2013,apaesnut,29.7858,-84.8752,9.68,13.2,21.3,8.5,7.8,0.003,0.021,0.005,9.83,21,82.98958333,1022.583333,1808.6,10300
519,12/14/2010,apambnut,29.6677,-84.994,9.56,9.3,8.8,8.1,15.8,0.002,0.103,0.152,5.8,7.9,42.75,1021.53125,1084.9,11500
424,10/6/2009,aparvnut,29.7791,-85.0434,4.6,25.4,0.1,8.2,11.8,0.01,0.0193,0.136,3.1,31.7,89.85416667,1014.708333,1535.7,26500
500,9/8/2010,apambnut,29.6677,-84.994,6.41,29.4,25.6,7.9,5.3,0.002,0.082,0.0021,11.2,30.3,79.40625,1016.0625,1799.5,9360
266,11/5/2007,apadbnut,29.6747,-85.0583,6.4,20.2,29.8,8.2,4.6,0.003,0.034,0.005,2.9,25,68.83333333,1019.46875,1211.3,6600
821,7/5/2016,apambnut,29.6677,-84.994,6.7,30.9,30.6,8.1,4.9,0.004,0.009,0.004,8.5,33.3,78.08333333,1019.875,2049.6,11400
102,5/2/2005,apambnut,29.6677,-84.994,7.6,22,3.8,8,12.4,0.002,0.066,0.332,0.77,26.8,59.76041667,1018.291667,1431.8,37500
426,11/3/2009,aparvnut,29.7791,-85.0434,6.42,19.2,0.1,7.6,10.2,0.006,0.025,0.403,2.4,23.2,75.65625,1020.979167,1356.6,28300
368,1/13/2009,apacpnut,29.7021,-84.8802,8.16,14.5,15.1,7.6,6.6,0.002,0.034,0.241,6.9,60.7,45.75,1019.239583,1141.5,25900
120,11/8/2005,apaegnut,29.7308,-84.9452,7.8,22.5,6.7,7.9,7.2,0.001,0.016,0.465,1.92,27.1,84.23958333,1022.958333,1077.9,11000
433,12/8/2009,apanhnut,29.6504,-84.9289,9.2,14.1,12,7.6,4.5,0.005,0.036,0.159,5.6,19.2,84.8125,1016.270833,488.4,49300
330,8/5/2008,apaesnut,29.7858,-84.8752,7.01,30.4,7.8,7.6,9.7,0.002,0.029,0.0062,18.1,31.9,84.66666667,1018.385417,1906.2,7340
242,8/7/2007,apapcnut,29.6079,-85.0196,5,30,34.7,8,5.8,0.003,0.011,0.006,4.5,33.6,84.86458333,1013.541667,1740.6,5950
181,1/9/2007,apadbnut,29.6747,-85.0583,8.17,15,14.1,7.9,11.2,0.004,0.021,0.055,6.5,18.2,53.36458333,1024.53125,1219.8,28700
746,1/13/2014,apaegnut,29.7308,-84.9452,9.97,11.3,0.3,7.6,14.3,0.008,0.021,0.42,3.2,18,100,1018.052083,933.3,32100
793,3/1/2016,apapcnut,29.6079,-85.0196,10.5,17.3,12.3,8.4,2.7,0.004,0.006,0.2,1.9,21.9,88.79166667,1019.479167,1415.3,41300
46,9/8/2004,apadbnut,29.6747,-85.0583,6.56,28.2,30.6,7.8,9.5,0.002,0.025,0.095,7.7,30.7,84.96296296,1011.333333,1385.3,11900
47,9/8/2004,apapcnut,29.6079,-85.0196,6.91,28.6,31.7,8,4.8,0.002,0.004,0.103,0.8,30.7,84.96296296,1011.333333,1385.3,11900
71,1/4/2005,apadbnut,29.6747,-85.0583,9.42,15.6,6.2,8,3,0.035,0.03,0.248,0.64,21.7,89.11458333,1027.46875,940.6,28900
344,10/7/2008,apadbnut,29.6747,-85.0583,6.34,24.8,24.4,7.8,50,0.005,0.02,0.0062,13,26.1,88.66666667,1018.6875,1070,7450
200,3/5/2007,apaebnut,29.7858,-84.8752,9.63,16.5,2.8,8.2,48.5,0.006,0.034,0.041,19.2,17.1,40.58333333,1026.333333,1624.1,23600
205,4/9/2007,apadbnut,29.6747,-85.0583,8.82,15.6,24.4,7.7,18.2,0.002,0.157,0.038,6.9,14.2,70.8125,1018.71875,859.3,12100
543,3/2/2011,apambnut,29.6677,-84.994,7.39,18.8,15.5,8.1,30.8,0.003,0.015,0.168,16.1,21.4,68.64583333,1021.395833,1408.2,12400
671,11/26/2012,apascnut,29.6067,-84.9467,7.54,17.9,35.4,8.1,2.9,0.003,0.041,0.0024,1.56,18.1,82.80208333,1022.208333,1042.8,6490
664,11/6/2012,apanhnut,29.6504,-84.9289,7.3,20.5,29.5,8.4,3.4,0.003,0.03,0.004,2.23,20.8,74.36458333,1012.96875,1312.5,7670
59,11/8/2004,apaesnut,29.7858,-84.8752,92.8,19.5,6.1,7.8,11.3,0.002,0.013,0.065,5.1,24.7,77.82022472,1019.385417,988.9,21300
273,11/5/2007,apacpnut,29.7021,-84.8802,6,20.5,33,8.2,8.2,0.002,0.016,0.003,4.7,25,68.83333333,1019.46875,1211.3,6600
696,5/8/2013,apadbnut,29.6747,-85.0583,7.09,21.2,33.4,8.1,6.6,0.003,0.085,0.002,3.35,24.7,82.02083333,1018.416667,1478.1,24600
776,11/3/2015,apapcnut,29.6079,-85.0196,6.14,25.4,31.4,8,2.8,0.004,0.018,0.082,1.9,26.1,91.36458333,1015.916667,560.5,8440
69,11/30/2004,apacpnut,29.7021,-84.8802,6.9,17.6,26.3,7.7,4,0.005,0.017,0.044,0.5,22.7,88.53125,1021.40625,883.7,36000
327,8/5/2008,apadbnut,29.6747,-85.0583,6.53,29.3,20.9,8,5.8,0.002,0.018,0.029,8,31.9,84.66666667,1018.385417,1906.2,7340
857,6/5/2018,apawpnut,29.6379,-85.089,6.87,27.3,35.1,8,2.74,0.004,0.003,0.004,6.7,28.4,73.13541667,1012.84375,1012.2,39300
700,5/8/2013,apaebnut,29.7858,-84.8752,9.3,21.8,6.3,8.5,6.4,0.003,0.116,0.113,8.04,24.7,82.02083333,1018.416667,1478.1,24600
589,11/2/2011,apadbnut,29.6747,-85.0583,9.08,17,21.7,8.1,25.3,0.004,0.028,0.014,11.2,22.1,76.14583333,1022.604167,1279.3,6290
727,10/8/2013,apapcnut,29.6079,-85.0196,6.26,25.6,25.8,8,7.1,0.004,0.008,0.05,6.9,27.9,82.42708333,1013.677083,1370.5,14500
310,4/21/2008,apaebnut,29.7858,-84.8752,5.4,23.1,3,8.4,12.5,0.002,0.013,0.1,21.7,29.1,67.0625,1013.520833,1740,20100
399,7/14/2009,apaesnut,29.7858,-84.8752,6.91,31.4,10.1,8.2,8.3,0.004,0.046,0.008,32.2,30.5,82.25,1016.510417,1925.8,11800
749,1/13/2014,aparvnut,29.7791,-85.0434,9.17,11.2,0.1,7.6,13.6,0.008,0.019,0.41,1.7,18,100,1018.052083,933.3,32100
512,10/6/2010,apascnut,29.6067,-84.9467,5.86,23.9,33.4,8.2,11.7,0.002,0.0177,0.004,3.8,24.3,54.01041667,1019.572917,1483,10600
802,5/10/2016,apambnut,29.6677,-84.994,8.7,23.9,10.8,8.2,3.2,0.004,0.01,0.18,7.4,26.2,80.51041667,1020.333333,1285.7,22600
482,6/8/2010,apaesnut,29.7858,-84.8752,8.14,30.8,1.3,8.2,8.1,0.002,0.02,0.011,6.9,30.4,66.89583333,1016.333333,1840.3,19200
852,7/5/2017,apacpnut,29.7021,-84.8802,6.45,30.6,11.5,8.2,4.7,0.004,0.008,0.02,13,32.2,83.20833333,1020.40625,1876.9,21900
132,1/4/2006,apambnut,29.6677,-84.994,7,16,5.8,8,4.8,0.001,0.049,0.3,1.79,17.6,84.8125,1018.770833,1051.4,27500
14,2/9/2004,apawpnut,29.6379,-85.089,9.15,12.2,19.8,7.8,20,0.001,0.006,0.071,9,16.1,77.41666667,1028.697917,1013.1,27800
715,7/9/2013,aparvnut,29.7791,-85.0434,5.24,25.7,0.1,7.9,24.8,0.014,0.036,0.3,4.1,30.4,79.75,1020.802083,1371.7,38900
489,7/13/2010,apacpnut,29.7021,-84.8802,6.48,30.4,23,8.2,13.9,0.002,0.0177,0.022,13.4,31.3,83.125,1014.65625,1825.5,12500
131,1/4/2006,apapcnut,29.6079,-85.0196,6.5,16.6,20.7,8,5.2,0.001,0.019,0.068,2.99,17.6,84.8125,1018.770833,1051.4,27500
532,2/9/2011,apawpnut,29.6379,-85.089,7.92,11.3,16.6,8.2,7.3,0.006,0.015,0.199,8.5,11.6,75.75,1019.427083,1115.7,26500
694,4/2/2013,apacpnut,29.7021,-84.8802,8.06,18.9,7.4,8.3,19.4,0.003,0.063,0.276,10.5,24.4,67.8125,1017.875,1474.6,34300
289,1/6/2008,apaesnut,29.7858,-84.8752,11.2,11.2,16.8,8.4,5.1,0.002,0.012,0.047,0.4,17.9,97.91666667,1025.177083,1171.3,14100
738,12/3/2013,apawpnut,29.6379,-85.089,8.81,16.2,27.8,8,8.9,0.004,0.014,0.091,3.5,23.2,100,1012.177083,929.5,19400
853,8/8/2017,apadbnut,29.6747,-85.0583,8.29,29.7,5.76,8.3,4.5,0.004,0.004,0.009,13,31.5,85.71875,1016.333333,2048.6,17900
272,11/5/2007,apanhnut,29.6504,-84.9289,7.2,20.3,28.9,8.3,3.8,0.002,0.012,0.0014,2.7,25,68.83333333,1019.46875,1211.3,6600
51,9/8/2004,apaebnut,29.7858,-84.8752,7.25,26.3,10.3,7.5,16.5,0.004,0.103,0.047,5.1,30.7,84.96296296,1011.333333,1385.3,11900
219,5/8/2007,apascnut,29.6067,-84.9467,6.07,23.4,35,8.3,11.6,0.002,0.008,0.004,4.2,28.3,48.72916667,1014.5625,1787.7,8410
235,7/10/2007,apaesnut,29.7858,-84.8752,6.6,31.4,14.4,8.2,13.7,0.002,0.029,0.0014,21,31.8,80.28125,1017.989583,1896.6,6390
483,6/8/2010,apambnut,29.6677,-84.994,7,29.7,21.9,7.7,6.3,0.002,0.0177,0.03,10.5,30.4,66.89583333,1016.333333,1840.3,19200
840,9/12/2016,apaegnut,29.7308,-84.9452,6.1,28.7,16.8,7.6,7.56,0.004,0.031,0.071,11,31,81.27083333,1016.770833,1850.9,7260
195,2/5/2007,apanhnut,29.6504,-84.9289,8.08,11.1,12.4,8.2,3.6,0.001,0.004,0.194,1.7,12.5,57.375,1029.229167,1156.2,28200
9,1/8/2004,apaegnut,29.7308,-84.9452,9.88,10.7,5.1,7.6,5.2,0.001,0.009,0.435,3,14.4,59.3125,1028.322917,1243.2,13600
171,11/1/2006,apanhnut,29.6504,-84.9289,7.2,21,26.9,7.7,5.4,0.001,0.007,0.007,1.84,26.4,78.27083333,1016.208333,1523.4,8360
436,1/12/2010,apacpnut,29.7021,-84.8802,10.57,6.2,1.6,8.1,27.4,0.006,0.028,0.4,1.8,14.1,62.20833333,1027.21875,1177.4,29300
296,2/11/2008,apanhnut,29.6504,-84.9289,8.24,16.2,12,8.3,5.6,0.002,0.022,0.226,4.2,19.4,69.52083333,1024,1375.5,27300
849,1/4/2017,apapcnut,29.6079,-85.0196,8.68,18.8,24.09,8.1,1.2,0.004,0.011,0.004,3,21.9,83.33333333,1013.135417,1167.7,16000
395,6/9/2009,aparvnut,29.7791,-85.0434,4.1,26.6,0.1,7.4,13.9,0.015,0.049,0.259,2.9,31.8,76.15625,1014.9375,1767,26100
369,1/13/2009,aparvnut,29.7791,-85.0434,7.75,14.8,0.1,8,12.4,0.011,0.036,0.469,2.2,60.7,45.75,1019.239583,1141.5,25900
419,10/6/2009,apaesnut,29.7858,-84.8752,7.7,28.1,3.2,7.5,7.9,0.003,0.113,0.062,20.8,31.7,89.85416667,1014.708333,1535.7,26500
643,8/7/2012,apanhnut,29.6504,-84.9289,5.63,30.2,24.4,7.9,6.3,0.003,0.013,0.018,7.82,31,80.19791667,1014.729167,1833.9,6990
798,3/1/2016,apacpnut,29.7021,-84.8802,10.8,17,7.3,8.1,7.4,0.004,0.006,0.28,7.9,21.9,88.79166667,1019.479167,1415.3,41300
241,8/7/2007,apadbnut,29.6747,-85.0583,5.5,30.9,29.1,8,9.8,0.002,0.009,0.005,5.8,33.6,84.86458333,1013.541667,1740.6,5950
34,4/5/2004,apapcnut,29.6079,-85.0196,7.45,16.8,33.6,8.3,12.2,0.001,0.004,0.011,2.1,18.5,54.51041667,1018.385417,1627.7,13200
381,5/5/2009,apaesnut,29.7858,-84.8752,4.6,26.6,0.5,8.2,48.1,0.003,0.0193,0.2,31.5,26.9,86.8125,1017.09375,1833.6,23200
634,7/3/2012,apambnut,29.6677,-84.994,5.98,28.8,28.6,8.1,5.2,0.003,0.013,0.0024,2.01,31.4,82.6875,1017.041667,1788.7,7760
96,4/4/2005,apambnut,29.6677,-84.994,7.9,19.9,0.2,8,42,0.006,0.05,0.458,2.01,23.3,72.9375,1022.59375,1387.9,161000
309,4/21/2008,apaegnut,29.7308,-84.9452,7.15,23,4.7,7.6,7.3,0.002,0.013,0.258,4.9,29.1,67.0625,1013.520833,1740,20100
839,9/12/2016,apapcnut,29.6079,-85.0196,6.4,29.1,24.8,7.9,6.16,0.004,0.009,0.004,8.1,31,81.27083333,1016.770833,1850.9,7260
38,8/2/2004,apadbnut,29.6747,-85.0583,5.47,30,24.5,7.8,24,0.001,0.006,0.007,9,32.1,82.89010989,1013.229167,1675.6,12600
286,1/6/2008,apawpnut,29.6379,-85.089,10.54,9.8,16,8.4,3.6,0.002,0.051,0.103,0.4,17.9,97.91666667,1025.177083,1171.3,14100
396,7/14/2009,apadbnut,29.6747,-85.0583,4.31,29.9,27.6,7.7,12.7,0.001,0.0193,0.014,11.2,30.5,82.25,1016.510417,1925.8,11800
469,5/5/2010,apadbnut,29.6747,-85.0583,7.23,25.1,7.7,7.9,7.5,0.002,0.0177,0.4,5.8,27.5,92.94791667,1012.927083,1659.3,26900
624,4/4/2012,apacpnut,29.7021,-84.8802,4.3,25.6,16,8.1,6.5,0.003,0.043,0.154,5.81,25.5,87.65625,1012,1801.6,12100
716,8/12/2013,apadbnut,29.6747,-85.0583,8.32,30,3.6,8.2,7.3,0.004,0.009,0.015,13,32.2,81.5625,1018.885417,1350.6,24900
136,1/31/2006,apaesnut,29.7858,-84.8752,9.6,16.8,5.4,7.9,16.9,0.001,0.035,0.401,5,17.8,53.48958333,1018.864583,972.3,27500
770,7/7/2015,apapcnut,29.6079,-85.0196,6.53,28.9,27.3,8,2.6,0.004,0.008,0.004,4,31.4,83.22916667,1020.5,1800.1,11700
698,5/8/2013,apambnut,29.6677,-84.994,7.69,20,13.7,8.1,7.5,0.003,0.063,0.05,4.24,24.7,82.02083333,1018.416667,1478.1,24600
583,10/5/2011,apadbnut,29.6747,-85.0583,7.99,22.9,20.4,8.4,6,0.003,0.015,0.01,11.8,25.9,71.52083333,1019.84375,1547.5,7400
693,4/2/2013,apanhnut,29.6504,-84.9289,8.43,19.2,7.1,8.2,9.7,0.003,0.134,0.288,7.82,24.4,67.8125,1017.875,1474.6,34300
354,11/4/2008,apadbnut,29.6747,-85.0583,8.37,18.8,16.4,8,5.3,0.002,0.024,0.131,9.8,19.3,82.76041667,1019.614583,859.2,12200
544,3/2/2011,apaegnut,29.7308,-84.9452,8.15,18.2,2,8.3,26.6,0.005,0.015,0.454,15.2,21.4,68.64583333,1021.395833,1408.2,12400
328,8/5/2008,apapcnut,29.6079,-85.0196,6.14,28.9,34.1,8,4.5,0.004,0.013,0.0062,5.1,31.9,84.66666667,1018.385417,1906.2,7340
525,1/11/2011,apapcnut,29.6079,-85.0196,9.19,10.5,18.9,8.2,9.2,0.003,0.086,0.125,6.7,8.2,94.41666667,1023.739583,896.6,14400
283,12/4/2007,apanhnut,29.6504,-84.9289,6.7,16.9,29.8,8.3,7.2,0.002,0.008,0.002,4.7,16.3,65.33333333,1017.479167,1111.5,5550
223,6/5/2007,apadbnut,29.6747,-85.0583,5.56,26.2,35.1,8.1,38.7,0.003,0.016,0.005,15.2,29,85.22916667,1012.03125,1801.4,6200
249,8/7/2007,aparvnut,29.7791,-85.0434,6.6,31.3,0.1,7.7,5.2,0.002,0.038,0.015,4.9,33.6,84.86458333,1013.541667,1740.6,5950
146,3/1/2006,apaegnut,29.7308,-84.9452,10.1,18.4,4.2,8,7.6,0.002,0.023,0.45,4.66,20.4,89.5625,1020.166667,1125.5,27600
79,2/7/2005,apawpnut,29.6379,-85.089,8.9,14.5,27.5,7.8,14,0.001,0.019,0.335,2.99,19.7,78.4375,1024.666667,1056.8,28200
870,7/8/2020,apambnut,29.6677,-84.994,6.88,28.1,27.13,8.2,6.2,0.004,0.005,0.031,8.2,31.3,81.35416667,1014.729167,1945.1,19000
668,11/26/2012,apapcnut,29.6079,-85.0196,8.1,16.4,31,8.1,2.2,0.003,0.013,0.003,1.34,18.1,82.80208333,1022.208333,1042.8,6490
730,10/8/2013,apaesnut,29.7858,-84.8752,4.96,26.3,11.8,7.9,6.6,0.004,0.095,0.049,26,27.9,82.42708333,1013.677083,1370.5,14500
77,1/4/2005,apanhnut,29.6504,-84.9289,9.47,15.6,18.9,8.2,3.3,0.036,0.032,0.097,1.28,21.7,89.11458333,1027.46875,940.6,28900
719,8/12/2013,apascnut,29.6067,-84.9467,5.8,30.5,33.8,8,2.4,0.004,0.006,0.004,2.8,32.2,81.5625,1018.885417,1350.6,24900
607,1/10/2012,apambnut,29.6677,-84.994,8.79,15.6,30,8.3,13.2,0.003,0.058,0.0024,3.13,19.5,85.625,1015.15625,581.2,7360
520,12/14/2010,apapcnut,29.6079,-85.0196,8.47,8.5,31.7,8.2,38.5,0.002,0.068,0.005,14.5,7.9,42.75,1021.53125,1084.9,11500
191,2/5/2007,apambnut,29.6677,-84.994,7.4,12,10,8.1,6.2,0.002,0.005,0.272,9.3,12.5,57.375,1029.229167,1156.2,28200
783,1/13/2016,aparvnut,29.7791,-85.0434,9.5,11.9,0,7.8,32.8,0.013,0.026,0.25,1.2,15.1,71.73958333,1023.479167,1065.1,65300
115,10/3/2005,apaebnut,29.7858,-84.8752,5.4,27.9,23.1,7.8,8.4,0.001,0.033,0.008,1.92,30.4,80.71875,1019.197917,1402.9,13400
174,11/28/2006,apaebnut,29.7858,-84.8752,11.1,19.3,14.6,8,8.6,0.003,0.007,0.007,11.92,22.4,86.63541667,1021.125,1165.1,19300
647,9/4/2012,apacpnut,29.7021,-84.8802,6.55,29.8,21.4,8.2,19.7,0.003,0.026,0.007,8.71,29.3,86.85416667,1015,1114,7020
45,9/8/2004,apawpnut,29.6379,-85.089,7.38,28.6,32.3,7.9,12,0.004,0.014,0.052,7.7,30.7,84.96296296,1011.333333,1385.3,11900
428,12/8/2009,apapcnut,29.6079,-85.0196,9.5,13.7,11.4,7.7,6,0.005,0.024,0.159,4.5,19.2,84.8125,1016.270833,488.4,49300
119,11/8/2005,apambnut,29.6677,-84.994,7.8,23.6,10.8,8,4.3,0.002,0.01,0.203,2.13,27.1,84.23958333,1022.958333,1077.9,11000
493,8/4/2010,apaebnut,29.7858,-84.8752,5.95,32.4,6,8.2,11.4,0.002,0.0177,0.005,16.1,32.1,90.52083333,1014.59375,1505.7,9940
278,12/4/2007,apambnut,29.6677,-84.994,7.2,15.6,25,8.3,6.1,0.002,0.008,0.014,5.8,16.3,65.33333333,1017.479167,1111.5,5550
666,11/26/2012,apawpnut,29.6379,-85.089,7.63,17.5,34.6,8.1,5.3,0.003,0.039,0.0024,2.23,18.1,82.80208333,1022.208333,1042.8,6490
397,7/14/2009,apambnut,29.6677,-84.994,4.6,29.3,26,7.8,5.3,0.001,0.0193,0.025,4.7,30.5,82.25,1016.510417,1925.8,11800
91,3/2/2005,apaesnut,29.7858,-84.8752,7.8,13.7,1.7,7.8,19.7,0.001,0.004,0.054,0.96,13.4,58.69791667,1022.604167,1160.9,29600
441,2/2/2010,apadbnut,29.6747,-85.0583,8.99,11.7,2.4,8.2,18,0.007,0.045,0.37,3.8,16.2,85.09375,1017.385417,1199.4,79200
655,10/2/2012,apacpnut,29.7021,-84.8802,5.7,26.8,27,8.2,51.6,0.003,0.042,0.015,12.29,27.6,75.96875,1010.833333,1511,6650
348,10/7/2008,apaebnut,29.7858,-84.8752,6.38,25.7,21,7.7,18.8,0.004,0.019,0.0062,15.2,26.1,88.66666667,1018.6875,1070,7450
143,2/1/2006,aparvnut,29.7791,-85.0434,8.3,14.6,0.1,7.9,12.1,0.002,0.03,0.571,0.6,16.8,76.16666667,1018.635417,979.6,26700
307,4/21/2008,apapcnut,29.6079,-85.0196,6.92,21.2,29.1,8.3,9.4,0.002,0.0117,0.008,7.8,29.1,67.0625,1013.520833,1740,20100
56,11/8/2004,apapcnut,29.6079,-85.0196,103.8,19.5,14.8,8.4,3.1,0.002,0.018,0.139,3,24.7,77.82022472,1019.385417,988.9,21300
206,4/9/2007,apambnut,29.6677,-84.994,9.28,16,17.5,8.2,6.6,0.002,0.021,0.152,6.5,14.2,70.8125,1018.71875,859.3,12100
282,12/4/2007,apascnut,29.6067,-84.9467,6.5,18.1,34.3,8.3,3.2,0.002,0.03,0.0014,2.2,16.3,65.33333333,1017.479167,1111.5,5550
402,7/14/2009,apanhnut,29.6504,-84.9289,4.86,30.5,25.2,7.8,7.6,0.001,0.0193,0.007,9.6,30.5,82.25,1016.510417,1925.8,11800
599,12/13/2011,apaegnut,29.7308,-84.9452,8.59,15,12.7,8.2,5.9,0.003,0.041,0.218,5.8,22.5,79.47916667,1026.53125,1064.2,6410
547,5/11/2011,apawpnut,29.6379,-85.089,6.05,25.7,29.6,8.2,7.9,0.006,0.041,0.004,7.2,28.4,83.58333333,1014.645833,1585.1,10700
478,6/8/2010,apacpnut,29.7021,-84.8802,7.4,29.8,19.3,8.2,11.5,0.002,0.0177,0.025,13.6,30.4,66.89583333,1016.333333,1840.3,19200
163,11/1/2006,apawpnut,29.6379,-85.089,7.21,21.1,23,7.7,7.2,0.001,0.006,0.011,1.96,26.4,78.27083333,1016.208333,1523.4,8360
680,1/8/2013,apacpnut,29.7021,-84.8802,7.97,12.9,35.2,8.4,8.1,0.003,0.013,0.004,2.23,21,82.98958333,1022.583333,1808.6,10300
560,6/7/2011,apascnut,29.6067,-84.9467,6.12,28.4,32.4,8,9.3,0.003,0.015,0.004,4.2,29.9,78.01041667,1013.65625,1593.9,6540
302,3/11/2008,apascnut,29.6067,-84.9467,8.5,16.4,32,8.3,3.1,0.002,0.0117,0.0062,1.6,19.3,92.13541667,1018.5625,1141.2,36100
860,8/7/2018,apaegnut,29.7308,-84.9452,6.48,28.8,5.79,7.7,5.34,0.004,0.02,0.12,8.3,31.7,82.71875,1018.552083,1908.6,33000
456,3/4/2010,apascnut,29.6067,-84.9467,7.46,12.9,33.5,8,9.8,0.002,0.0177,0.005,13.8,13.9,54.13541667,1019.34375,1534.4,34900
574,8/3/2011,apacpnut,29.7021,-84.8802,4.81,30.5,19.6,7.7,12.6,0.003,0.066,0.03,14.5,33.2,86.05208333,1010.78125,1623.2,8220
859,6/5/2018,apascnut,29.6067,-84.9467,6.41,27.1,34.94,8,1.4,0.004,0.003,0.004,2.1,28.4,73.13541667,1012.84375,1012.2,39300
140,2/1/2006,apaegnut,29.7308,-84.9452,8,14.2,1.8,8.1,6.8,0.001,0.039,0.497,3.37,16.8,76.16666667,1018.635417,979.6,26700
230,6/5/2007,aparvnut,29.7791,-85.0434,6.38,26.3,0.1,7.7,7.2,0.004,0.017,0.045,6,29,85.22916667,1012.03125,1801.4,6200
602,12/13/2011,apascnut,29.6067,-84.9467,7.63,14.5,29.8,8,19.9,0.004,0.042,0.003,6,22.5,79.47916667,1026.53125,1064.2,6410
836,8/2/2016,apascnut,29.6067,-84.9467,6.2,30.6,30.2,8.1,1.93,0.004,0.006,0.004,3.8,31.9,84.17708333,1018.770833,1935.2,8280
507,10/6/2010,apaegnut,29.7308,-84.9452,7.02,19.8,10.5,8.4,5.7,0.002,0.0177,0.33,7.6,24.3,54.01041667,1019.572917,1483,10600
533,2/9/2011,apadbnut,29.6747,-85.0583,8.18,10.9,10.2,8.2,7.2,0.003,0.015,0.372,6.7,11.6,75.75,1019.427083,1115.7,26500
848,12/7/2016,apapcnut,29.6079,-85.0196,7.97,19.1,26.67,8.2,3.11,0.004,0.007,0.028,3,21.2,84.27083333,1018.364583,1252.8,9770
237,7/10/2007,apascnut,29.6067,-84.9467,5.4,30.1,35.3,8.3,11.6,0.002,0.019,0.0014,5.1,31.8,80.28125,1017.989583,1896.6,6390
473,5/5/2010,apanhnut,29.6504,-84.9289,6.99,24.3,13.9,7.5,7.7,0.002,0.0177,0.194,8.9,27.5,92.94791667,1012.927083,1659.3,26900
244,8/7/2007,apaegnut,29.7308,-84.9452,6.4,33,13.1,7.8,6.2,0.002,0.014,0.068,6.7,33.6,84.86458333,1013.541667,1740.6,5950
804,5/10/2016,apanhnut,29.6504,-84.9289,8.2,23.4,14.9,8.2,3.5,0.004,0.008,0.12,7.4,26.2,80.51041667,1020.333333,1285.7,22600
415,10/6/2009,apadbnut,29.6747,-85.0583,6.9,27.2,11.7,7.9,9.7,0.001,0.0193,0.043,11.4,31.7,89.85416667,1014.708333,1535.7,26500
258,10/9/2007,apambnut,29.6677,-84.994,6.6,27.7,29.8,8.2,5.6,0.002,0.008,0.004,8.7,28.3,85.3125,1014.15625,1596.2,7640
516,12/14/2010,apaebnut,29.7858,-84.8752,11.05,5,11.1,8.2,8.2,0.002,0.045,0.022,7.4,7.9,42.75,1021.53125,1084.9,11500
670,11/26/2012,apaebnut,29.7858,-84.8752,8.89,15.9,25.2,8.2,5.4,0.003,0.057,0.004,5.14,18.1,82.80208333,1022.208333,1042.8,6490
572,8/3/2011,apascnut,29.6067,-84.9467,4.18,29.8,32.3,7.9,3.6,0.003,0.026,0.003,5.1,33.2,86.05208333,1010.78125,1623.2,8220
806,5/10/2016,aparvnut,29.7791,-85.0434,6.7,22.9,0.1,8.3,23,0.004,0.032,0.57,3.6,26.2,80.51041667,1020.333333,1285.7,22600
496,9/8/2010,apadbnut,29.6747,-85.0583,5.68,29.5,23.9,8.1,19.5,0.002,0.09,0.004,13.4,30.3,79.40625,1016.0625,1799.5,9360
76,1/4/2005,apaebnut,29.7858,-84.8752,7.72,16,4.7,7.6,6.6,0.017,0.04,0.058,0.64,21.7,89.11458333,1027.46875,940.6,28900
417,10/6/2009,apambnut,29.6677,-84.994,6.6,27.3,5.2,7.4,8.5,0.004,0.036,0.112,7.8,31.7,89.85416667,1014.708333,1535.7,26500
481,6/8/2010,apaegnut,29.7308,-84.9452,8.11,29.8,6.2,8.1,6.7,0.002,0.028,0.317,8.5,30.4,66.89583333,1016.333333,1840.3,19200
539,2/9/2011,apacpnut,29.7021,-84.8802,7.11,11.2,23.3,8,13.5,0.005,0.015,0.09,8.5,11.6,75.75,1019.427083,1115.7,26500
843,9/12/2016,apanhnut,29.6504,-84.9289,6.3,29.2,28.7,7.9,4.02,0.004,0.009,0.004,5.8,31,81.27083333,1016.770833,1850.9,7260
373,4/15/2009,apambnut,29.6677,-84.994,7.65,18.6,0.3,8.2,65.9,0.017,0.049,0.174,2.7,21.3,71.01041667,1016.697917,1808.6,69500
167,11/1/2006,apaegnut,29.7308,-84.9452,7.06,20.8,19.1,7.5,5.4,0.002,0.021,0.168,4.36,26.4,78.27083333,1016.208333,1523.4,8360
208,4/9/2007,apaesnut,29.7858,-84.8752,10.01,14.7,5.3,8.3,14.5,0.002,0.02,0.165,26.4,14.2,70.8125,1018.71875,859.3,12100
376,4/15/2009,apacpnut,29.7021,-84.8802,7.07,18.4,0.5,8.3,39.1,0.018,0.049,0.193,2.4,21.3,71.01041667,1016.697917,1808.6,69500
173,11/1/2006,aparvnut,29.7791,-85.0434,7.37,20.1,0.1,8.1,7.2,0.01,0.02,0.487,2.56,26.4,78.27083333,1016.208333,1523.4,8360
20,2/9/2004,apacpnut,29.7021,-84.8802,8.47,12.2,24.1,8.1,5.8,0.001,0.004,0.077,2.6,16.1,77.41666667,1028.697917,1013.1,27800
276,12/4/2007,apadbnut,29.6747,-85.0583,6.7,16.1,24.8,8,13.5,0.002,0.036,0.01,3.6,16.3,65.33333333,1017.479167,1111.5,5550
301,3/11/2008,apaesnut,29.7858,-84.8752,9.31,16.2,1,7.7,17,0.004,0.067,0.041,14.1,19.3,92.13541667,1018.5625,1141.2,36100
404,7/14/2009,aparvnut,29.7791,-85.0434,4.24,29.4,0.1,7.3,5.8,0.003,0.0193,0.396,6.7,30.5,82.25,1016.510417,1925.8,11800
113,7/8/2005,aparvnut,29.7791,-85.0434,6.06,28.5,0.1,7.8,12.4,0.002,0.044,0.494,2.99,31.7,75.1875,1016.260417,1533.8,23900
400,7/14/2009,apaebnut,29.7858,-84.8752,6.91,31.4,10.1,8.2,8.3,0.001,0.023,0.004,16.1,30.5,82.25,1016.510417,1925.8,11800
650,9/5/2012,apambnut,29.6677,-84.994,6.09,28.5,29.2,8.3,12.3,0.003,0.03,0.0024,10.06,28.9,82.44791667,1013.197917,1684.8,7440
503,9/8/2010,apascnut,29.6067,-84.9467,6.16,29.5,34.1,8.4,4.1,0.002,0.053,0.003,4.7,30.3,79.40625,1016.0625,1799.5,9360
817,6/1/2016,apacpnut,29.7021,-84.8802,8.1,28,10.5,8.4,7.9,0.004,0.004,0.089,15,30,81.13541667,1015.916667,1897.1,14600
752,2/10/2014,apapcnut,29.6079,-85.0196,11.19,12.9,17.6,8.2,1.5,0.004,0.009,0.17,3.3,38.7,99.01041667,1019.010417,0.8,25400
101,5/2/2005,apapcnut,29.6079,-85.0196,9,21.2,11.1,8,17.8,0.002,0.043,0.2,1.73,26.8,59.76041667,1018.291667,1431.8,37500
350,10/7/2008,apanhnut,29.6504,-84.9289,6.53,24.9,32.1,7.8,8.6,0.002,0.0117,0.0062,8.5,26.1,88.66666667,1018.6875,1070,7450
420,10/6/2009,apaebnut,29.7858,-84.8752,7.7,28.1,3.2,7.5,7.9,0.003,0.128,0.058,16.3,31.7,89.85416667,1014.708333,1535.7,26500
741,12/3/2013,apascnut,29.6067,-84.9467,8.22,16.5,32.5,8,2.4,0.004,0.007,0.024,2.1,23.2,100,1012.177083,929.5,19400
432,12/8/2009,apaebnut,29.7858,-84.8752,7.6,14.3,1.2,8.2,12.3,0.008,0.114,0.127,2,19.2,84.8125,1016.270833,488.4,49300
18,2/9/2004,apaegnut,29.7308,-84.9452,10.02,11.7,0.4,7.8,11,0.002,0.009,0.458,8.3,16.1,77.41666667,1028.697917,1013.1,27800
50,9/8/2004,apaesnut,29.7858,-84.8752,7.25,26.3,10.3,7.5,16.5,0.005,0.084,0.066,5.8,30.7,84.96296296,1011.333333,1385.3,11900
871,8/11/2020,apaegnut,29.7308,-84.9452,6.73,29.4,7.45,7.9,3.6,0.004,0.005,0.009,13,32,87.42708333,1016.760417,1832.6,10900
138,2/1/2006,apawpnut,29.6379,-85.089,8.4,14.6,8.6,8,5.2,0.001,0.018,0.282,2.31,16.8,76.16666667,1018.635417,979.6,26700
828,7/5/2016,aparvnut,29.7791,-85.0434,6.3,30.3,0.2,8.2,8.3,0.004,0.011,0.47,9.4,33.3,78.08333333,1019.875,2049.6,11400
252,9/10/2007,apambnut,29.6677,-84.994,6.9,30.1,29.4,8,7.9,0.002,0.012,0.0014,9.8,31.2,84.02083333,1015.78125,1908.5,7490
582,9/7/2011,apacpnut,29.7021,-84.8802,5.69,25.8,20.3,7.8,11.5,0.003,0.084,0.065,10,27.4,68.17708333,1013.71875,1642.2,7030
304,3/11/2008,apacpnut,29.7021,-84.8802,8.94,15.7,11.6,8,9.4,0.002,0.064,0.143,6.5,19.3,92.13541667,1018.5625,1141.2,36100
597,12/13/2011,apapcnut,29.6079,-85.0196,8.32,13.7,27,8.1,9.3,0.003,0.025,0.003,4.5,22.5,79.47916667,1026.53125,1064.2,6410
689,4/2/2013,apawpnut,29.6379,-85.089,7.25,17.4,35,8.2,8.8,0.003,0.071,0.002,5.81,24.4,67.8125,1017.875,1474.6,34300
355,11/4/2008,apapcnut,29.6079,-85.0196,7.74,18.5,25.3,7.8,5.2,0.002,0.019,0.008,2.9,19.3,82.76041667,1019.614583,859.2,12200
535,2/9/2011,apambnut,29.6677,-84.994,8.63,10.9,11.4,8.1,7.7,0.003,0.015,0.296,10.3,11.6,75.75,1019.427083,1115.7,26500
495,8/4/2010,aparvnut,29.7791,-85.0434,5.56,32.3,0.1,8.3,5.3,0.002,0.0177,0.339,8,32.1,90.52083333,1014.59375,1505.7,9940
842,9/12/2016,apaebnut,29.7858,-84.8752,4.8,30.5,20.3,7.4,5.05,0.004,0.065,0.004,16,31,81.27083333,1016.770833,1850.9,7260
675,1/8/2013,apadbnut,29.6747,-85.0583,9.28,12.4,18.6,8.3,11.7,0.003,0.013,0.161,10.72,21,82.98958333,1022.583333,1808.6,10300
658,11/6/2012,apadbnut,29.6747,-85.0583,7.35,19.8,30.1,8.4,6.2,0.003,0.046,0.006,3.13,20.8,74.36458333,1012.96875,1312.5,7670
125,11/29/2005,apaebnut,29.7858,-84.8752,6.8,19.7,16.8,8,12.9,0.001,0.019,0.107,3.2,21.7,71.82291667,1014.979167,982,19300
264,10/9/2007,apacpnut,29.7021,-84.8802,5,26.9,35.1,8.1,15.9,0.006,0.027,0.014,4.2,28.3,85.3125,1014.15625,1596.2,7640
1,12/8/2003,apapcnut,29.6079,-85.0196,9.54,44.05868421,16.8,7.8,2.5,0.002,0.004,0.102,3.418,14.7,85.01041667,1022.166667,1119.9,24400
760,4/1/2014,apaegnut,29.7308,-84.9452,7.51,17.5,0.2,7.1,4.7,0.011,0.029,0.42,4.7,22.3,79.22916667,1021.166667,1696.1,33100
850,1/4/2017,apaegnut,29.7308,-84.9452,8.7,18,4.72,7.5,2.5,0.004,0.025,0.33,5.4,21.9,83.33333333,1013.135417,1167.7,16000
785,2/17/2016,apadbnut,29.6747,-85.0583,10.4,14.5,10.2,7.9,7.9,0.004,0.014,0.24,9.3,20.7,74.9375,1019.760417,1358.3,38600
90,3/2/2005,apaegnut,29.7308,-84.9452,9.2,14,5,7.8,10,0.001,0.004,0.29,0.98,13.4,58.69791667,1022.604167,1160.9,29600
58,11/8/2004,apaegnut,29.7308,-84.9452,95.4,20.6,8.1,7.8,8.6,0.001,0.009,0.244,1.9,24.7,77.82022472,1019.385417,988.9,21300
148,3/1/2006,apaebnut,29.7858,-84.8752,9.4,17.6,2.3,8.1,18.6,0.001,0.024,0.176,7.37,20.4,89.5625,1020.166667,1125.5,27600
62,11/8/2004,apacpnut,29.7021,-84.8802,96.9,20.4,13,7.8,5,0.002,0.016,0.192,0.5,24.7,77.82022472,1019.385417,988.9,21300
312,4/21/2008,apacpnut,29.7021,-84.8802,6.63,21.5,12.9,8.4,11.2,0.002,0.024,0.178,4.9,29.1,67.0625,1013.520833,1740,20100
254,9/10/2007,apanhnut,29.6504,-84.9289,7.5,29.7,34.6,8.2,9,0.002,0.01,0.0014,7.2,31.2,84.02083333,1015.78125,1908.5,7490
394,6/9/2009,apacpnut,29.7021,-84.8802,6.6,27.2,11.5,7.8,11.5,0.004,0.11,0.117,6,31.8,76.15625,1014.9375,1767,26100
224,6/5/2007,apapcnut,29.6079,-85.0196,5.93,26.3,35.3,8.2,21.8,0.003,0.028,0.003,7.4,29,85.22916667,1012.03125,1801.4,6200
65,11/30/2004,apapcnut,29.6079,-85.0196,10.8,19.1,21.1,8.3,3.6,0.013,0.014,0.016,1.7,22.7,88.53125,1021.40625,883.7,36000
408,9/8/2009,apaegnut,29.7308,-84.9452,7.4,29.6,6.7,7.8,7.3,0.001,0.0193,0.276,6,30,74.03125,1015.208333,1793.3,17200
52,9/8/2004,apanhnut,29.6504,-84.9289,8.13,28.8,23.4,8,10.3,0.001,0.014,0.053,9.6,30.7,84.96296296,1011.333333,1385.3,11900
228,6/5/2007,apanhnut,29.6504,-84.9289,5.63,25.8,35.1,8.1,31.1,0.002,0.008,0.0014,8.5,29,85.22916667,1012.03125,1801.4,6200
70,1/4/2005,apawpnut,29.6379,-85.089,8.92,15.5,4.3,7.8,4.6,0.029,0.033,0.339,1.28,21.7,89.11458333,1027.46875,940.6,28900
268,11/5/2007,apambnut,29.6677,-84.994,6.7,19.8,27.8,8.2,3.6,0.004,0.022,0.007,3.1,25,68.83333333,1019.46875,1211.3,6600
864,12/3/2019,apascnut,29.6067,-84.9467,7.5,17.8,37.97,8.1,2.3,0.004,0.004,0.004,2.7,11.7,73.23958333,1016.260417,1125.2,12400
274,11/5/2007,aparvnut,29.7791,-85.0434,7.5,20.8,0.1,7.2,0,0.008,0.017,0.162,4,25,68.83333333,1019.46875,1211.3,6600
734,10/29/2013,apambnut,29.6677,-84.994,7.81,20.7,18.4,8.1,6.5,0.006,0.014,0.12,8.4,24.6,83.58333333,1023.71875,1018.2,8960
210,4/9/2007,apanhnut,29.6504,-84.9289,9.79,15.1,16.8,8.2,7.2,0.002,0.018,0.142,4.2,14.2,70.8125,1018.71875,859.3,12100
121,11/8/2005,apaebnut,29.7858,-84.8752,6.5,24.7,18,7.7,13.3,0.002,0.033,0.406,3.2,27.1,84.23958333,1022.958333,1077.9,11000
617,3/5/2012,apambnut,29.6677,-84.994,7.24,17.2,23,8.3,11.8,0.003,0.062,0.003,10.95,22.5,69.1875,1025.322917,1290,23700
141,2/1/2006,apascnut,29.6067,-84.9467,7.3,15.8,31.2,8.1,7.6,0.001,0.023,0.033,2.39,16.8,76.16666667,1018.635417,979.6,26700
33,4/5/2004,apadbnut,29.6747,-85.0583,7.09,18.2,31.2,8.3,6.6,0.001,0.004,0.033,1.7,18.5,54.51041667,1018.385417,1627.7,13200
468,5/5/2010,apacpnut,29.7021,-84.8802,6.62,23.9,16.3,7.4,5.3,0.004,0.073,0.156,5.1,27.5,92.94791667,1012.927083,1659.3,26900
759,4/1/2014,apadbnut,29.6747,-85.0583,8.34,18.6,3.7,7.6,3.7,0.005,0.037,0.34,5.3,22.3,79.22916667,1021.166667,1696.1,33100
245,8/7/2007,apaebnut,29.7858,-84.8752,7.2,33.5,13.6,8,19.1,0.002,0.01,0.006,16.8,33.6,84.86458333,1013.541667,1740.6,5950
232,7/10/2007,apapcnut,29.6079,-85.0196,4.9,30.1,35.3,8.3,7.2,0.003,0.064,0.002,4.2,31.8,80.28125,1017.989583,1896.6,6390
66,11/30/2004,apambnut,29.6677,-84.994,7.7,18.1,11.7,7.7,10.4,0.01,0.018,0.236,4.7,22.7,88.53125,1021.40625,883.7,36000
430,12/8/2009,apaegnut,29.7308,-84.9452,8.4,13.5,0.2,8,38.2,0.015,0.026,0.281,1.8,19.2,84.8125,1016.270833,488.4,49300
87,3/2/2005,apawpnut,29.6379,-85.089,7.8,15.9,28.9,7.8,9.6,0.001,0.004,0.021,0.5,13.4,58.69791667,1022.604167,1160.9,29600
329,8/5/2008,apambnut,29.6677,-84.994,6.07,29.6,20.5,8,2.1,0.002,0.022,0.014,4.9,31.9,84.66666667,1018.385417,1906.2,7340
613,2/7/2012,apacpnut,29.7021,-84.8802,7.73,18.5,19.9,8.1,6.9,0.005,0.019,0.081,6.7,19.4,88.25,1018.635417,844.2,18300
476,5/5/2010,apascnut,29.6067,-84.9467,6.44,23.7,32.7,7.5,3,0.002,0.0177,0.004,2.2,27.5,92.94791667,1012.927083,1659.3,26900
78,1/4/2005,apacpnut,29.7021,-84.8802,8.03,15,25.2,8,2.7,0.004,0.031,0.016,1.92,21.7,89.11458333,1027.46875,940.6,28900
84,2/7/2005,apaesnut,29.7858,-84.8752,10.9,14.6,20,7.7,10.5,0.004,0.02,0.073,1.92,19.7,78.4375,1024.666667,1056.8,28200
466,4/6/2010,apascnut,29.6067,-84.9467,7.5,20.5,31.8,8.2,3.4,0.002,0.0177,0.003,1.6,27.8,68.83333333,1019.458333,1712,27900
642,8/7/2012,apascnut,29.6067,-84.9467,6.84,29.8,37,7.8,3.9,0.003,0.013,0.005,1.79,31,80.19791667,1014.729167,1833.9,6990
320,5/13/2008,aparvnut,29.7791,-85.0434,6.8,25.6,0.1,7.9,11.2,0.005,0.031,0.623,7.6,24.6,67.07291667,1016.59375,1642.5,7840
386,5/5/2009,aparvnut,29.7791,-85.0434,3.1,25.2,0.1,7.7,16.6,0.011,0.053,0.516,3.1,26.9,86.8125,1017.09375,1833.6,23200
772,10/6/2015,apawpnut,29.6379,-85.089,7.8,22.7,23.6,8.1,2.5,0.004,0.006,0.048,5.4,22.7,86.88541667,1014.479167,1090.9,15700
341,9/8/2008,apascnut,29.6067,-84.9467,5.69,28.9,32.7,7.8,2.2,0.002,0.0117,0.0062,2.7,30.9,79.23958333,1016.40625,1822.6,19100
442,2/2/2010,apaebnut,29.7858,-84.8752,10.56,13.4,0.2,7.6,10.2,0.003,0.031,0.038,3.1,16.2,85.09375,1017.385417,1199.4,79200
366,1/13/2009,apaesnut,29.7858,-84.8752,9.19,14.3,3.2,7.8,15.4,0.002,0.032,0.266,22.3,60.7,45.75,1019.239583,1141.5,25900
758,3/4/2014,apanhnut,29.6504,-84.9289,8.83,15.9,5.4,7.6,7.9,0.004,0.008,0.31,5.8,15,11.57291667,1018.416667,-99,36400
251,9/10/2007,apapcnut,29.6079,-85.0196,7.6,29.7,29,8,8.2,0.002,0.018,0.0014,11.8,31.2,84.02083333,1015.78125,1908.5,7490
803,5/10/2016,apaegnut,29.7308,-84.9452,8.5,24,3.4,8,14.1,0.004,0.01,0.32,13,26.2,80.51041667,1020.333333,1285.7,22600
855,3/8/2018,apascnut,29.6067,-84.9467,7.78,17.8,33.69,8.1,1.6,0.007,0.005,0.004,1.7,15.9,51.28125,1019.947917,1576.2,23400
524,1/11/2011,apadbnut,29.6747,-85.0583,9.35,10.9,16.6,8.2,12.9,0.003,0.072,0.067,13.4,8.2,94.41666667,1023.739583,896.6,14400
515,12/14/2010,apadbnut,29.6747,-85.0583,8.21,8.7,32.9,8.1,23.5,0.004,0.193,0.008,7.2,7.9,42.75,1021.53125,1084.9,11500
674,11/26/2012,aparvnut,29.7791,-85.0434,9.17,16.5,0.1,8.3,3.6,0.005,0.018,0.218,1.79,18.1,82.80208333,1022.208333,1042.8,6490
439,1/12/2010,aparvnut,29.7791,-85.0434,10.7,6.2,0.1,7.8,21.2,0.009,0.043,0.453,1.8,14.1,62.20833333,1027.21875,1177.4,29300
477,5/5/2010,apawpnut,29.6379,-85.089,7.25,24.7,8.2,7.9,9.3,0.003,0.0177,0.374,6.9,27.5,92.94791667,1012.927083,1659.3,26900
578,9/7/2011,apambnut,29.6677,-84.994,6.08,24.7,21.5,7.7,8.3,0.003,0.035,0.047,5.8,27.4,68.17708333,1013.71875,1642.2,7030
401,7/14/2009,apascnut,29.6067,-84.9467,4.49,29,35.8,7.8,2.8,0.001,0.0193,0.004,1.6,30.5,82.25,1016.510417,1925.8,11800
834,8/2/2016,apaesnut,29.7858,-84.8752,4.2,30.4,8,7.5,12.32,0.005,0.11,0.032,16,31.9,84.17708333,1018.770833,1935.2,8280
679,1/8/2013,apaebnut,29.7858,-84.8752,9.68,13.2,21.3,8.5,7.8,0.003,0.021,0.006,10.06,21,82.98958333,1022.583333,1808.6,10300
471,5/5/2010,apaesnut,29.7858,-84.8752,7.71,26.2,1.3,8,12.2,0.002,0.0177,0.262,12.3,27.5,92.94791667,1012.927083,1659.3,26900
169,11/1/2006,apaebnut,29.7858,-84.8752,6.98,20.9,14.8,7.8,7.3,0.004,0.009,0.007,10.32,26.4,78.27083333,1016.208333,1523.4,8360
392,6/9/2009,apascnut,29.6067,-84.9467,5.6,25.7,35,7.5,5.4,0.001,0.0193,0.003,3.1,31.8,76.15625,1014.9375,1767,26100
160,10/3/2006,apambnut,29.6677,-84.994,6.9,26.9,22.9,7.8,3.5,0.001,0.004,0.007,3.67,28.2,78.16666667,1020.833333,1410.6,7620
683,3/4/2013,apambnut,29.6677,-84.994,8.24,13.6,0.5,7.8,50.3,0.014,0.08,0.262,2.46,13.9,66.16666667,1021.854167,1264,104000
545,3/2/2011,apacpnut,29.7021,-84.8802,7.24,18.7,20.7,8.1,15.9,0.004,0.015,0.047,4.7,21.4,68.64583333,1021.395833,1408.2,12400
445,2/2/2010,apapcnut,29.6079,-85.0196,9.26,12,2.5,8,13.8,0.006,0.032,0.378,3.8,16.2,85.09375,1017.385417,1199.4,79200
458,4/6/2010,apacpnut,29.7021,-84.8802,7.47,21.1,12.5,7.6,5.5,0.006,0.052,0.227,4.5,27.8,68.83333333,1019.458333,1712,27900
98,4/4/2005,apanhnut,29.6504,-84.9289,8,18.5,0.5,8.2,43,0.005,0.048,0.348,3.82,23.3,72.9375,1022.59375,1387.9,161000
611,2/7/2012,apambnut,29.6677,-84.994,8.03,18,16.9,8.1,4.6,0.006,0.036,0.133,7.37,19.4,88.25,1018.635417,844.2,18300
654,10/2/2012,apaebnut,29.7858,-84.8752,6.2,26.9,15.6,8.1,30.1,0.003,0.013,0.012,23.02,27.6,75.96875,1010.833333,1511,6650
180,11/29/2006,aparvnut,29.7791,-85.0434,7.6,16,0.1,8,8.4,0.008,0.017,0.346,1.88,23.5,84.90625,1020.552083,1194.7,18400
661,11/6/2012,apaesnut,29.7858,-84.8752,7.31,21.7,17.2,8.5,7.5,0.003,0.038,0.006,12.07,20.8,74.36458333,1012.96875,1312.5,7670
614,2/7/2012,aparvnut,29.7791,-85.0434,7.23,16.7,0.1,8.5,10.6,0.01,0.07,0.462,2.01,19.4,88.25,1018.635417,844.2,18300
697,5/8/2013,apapcnut,29.6079,-85.0196,6.87,21.5,34.7,8.1,12.4,0.003,0.075,0.002,6.48,24.7,82.02083333,1018.416667,1478.1,24600
313,5/13/2008,apadbnut,29.6747,-85.0583,6.34,23.4,35.2,8.3,35.7,0.002,0.046,0.0062,9.8,24.6,67.07291667,1016.59375,1642.5,7840
521,12/14/2010,aparvnut,29.7791,-85.0434,9.08,9.7,0.1,8.1,6.7,0.008,0.069,0.456,1.6,7.9,42.75,1021.53125,1084.9,11500
728,10/8/2013,apambnut,29.6677,-84.994,6.17,25.3,22.3,8,6.4,0.004,0.024,0.12,6.6,27.9,82.42708333,1013.677083,1370.5,14500
94,4/4/2005,apadbnut,29.6747,-85.0583,8.7,20.9,4.5,8,16,0.004,0.054,0.258,1.11,23.3,72.9375,1022.59375,1387.9,161000
474,5/5/2010,apapcnut,29.6079,-85.0196,7.39,24.4,12.9,7.8,8.7,0.002,0.0177,0.264,7.8,27.5,92.94791667,1012.927083,1659.3,26900
722,9/4/2013,apaegnut,29.7308,-84.9452,4.71,27,0.2,7.8,5.4,0.012,0.035,0.18,3.4,31.1,84.08333333,1017.333333,1301.2,32000
577,9/7/2011,apapcnut,29.6079,-85.0196,6.4,25.4,26.7,8,5.8,0.003,0.015,0.004,5.4,27.4,68.17708333,1013.71875,1642.2,7030
531,1/11/2011,aparvnut,29.7791,-85.0434,9.12,10.7,0.1,8.4,7.2,0.008,0.039,0.684,1.6,8.2,94.41666667,1023.739583,896.6,14400
846,9/13/2016,apambnut,29.6677,-84.994,6,29.1,26.2,7.7,10.94,0.004,0.016,0.004,8.3,31.4,83.38541667,1016.354167,1968.5,7010
243,8/7/2007,apambnut,29.6677,-84.994,5.8,32.1,19.7,8,7.1,0.002,0.008,0.006,7.4,33.6,84.86458333,1013.541667,1740.6,5950
472,5/5/2010,apambnut,29.6677,-84.994,6.74,25.1,4.1,7.9,7.5,0.004,0.029,0.364,5.4,27.5,92.94791667,1012.927083,1659.3,26900
713,7/9/2013,apanhnut,29.6504,-84.9289,6.7,27.8,16.1,8,6.9,0.004,0.036,0.087,8.2,30.4,79.75,1020.802083,1371.7,38900
405,9/8/2009,apadbnut,29.6747,-85.0583,7,27.6,16.3,8,12.2,0.004,0.025,0.098,9.4,30,74.03125,1015.208333,1793.3,17200
718,8/12/2013,apaegnut,29.7308,-84.9452,5.79,29.2,0.3,7.9,9.3,0.015,0.024,0.22,6.2,32.2,81.5625,1018.885417,1350.6,24900
271,11/5/2007,apascnut,29.6067,-84.9467,6.2,21.3,35.4,8.3,1.8,0.002,0.01,0.0014,2.7,25,68.83333333,1019.46875,1211.3,6600
487,6/8/2010,apascnut,29.6067,-84.9467,6.87,29,32.2,8.2,5.2,0.002,0.0177,0.0021,4.7,30.4,66.89583333,1016.333333,1840.3,19200
108,6/6/2005,apambnut,29.6677,-84.994,7.23,30.1,4.4,8.2,4.8,0.002,0.048,0.338,1.28,30.1,81.09375,1017.083333,1579.7,26400
786,2/17/2016,apapcnut,29.6079,-85.0196,11.7,14.4,10.2,8.3,6.5,0.005,0.013,0.22,9.6,20.7,74.9375,1019.760417,1358.3,38600
407,9/8/2009,apambnut,29.6677,-84.994,5.5,28.3,24.8,7.8,13.3,0.002,0.074,0.032,12.7,30,74.03125,1015.208333,1793.3,17200
711,7/9/2013,apaebnut,29.7858,-84.8752,3.31,27.4,0.8,7,14.3,0.004,0.077,0.017,1.7,30.4,79.75,1020.802083,1371.7,38900
788,2/17/2016,apaegnut,29.7308,-84.9452,9.8,13.7,0.4,7.9,24.2,0.008,0.005,0.42,5.6,20.7,74.9375,1019.760417,1358.3,38600
585,10/5/2011,apaegnut,29.7308,-84.9452,7.61,22.4,12.1,8.1,5.6,0.004,0.053,0.006,12.1,25.9,71.52083333,1019.84375,1547.5,7400
570,8/3/2011,apapcnut,29.6079,-85.0196,6.01,30.1,27,8.1,5.6,0.003,0.015,0.003,8.3,33.2,86.05208333,1010.78125,1623.2,8220
288,1/6/2008,apambnut,29.6677,-84.994,10.11,10.1,19.2,8.3,6.9,0.002,0.13,0.13,0.9,17.9,97.91666667,1025.177083,1171.3,14100
151,3/1/2006,apacpnut,29.7021,-84.8802,9.2,18,7.8,7.8,11.2,0.002,0.036,0.253,2.13,20.4,89.5625,1020.166667,1125.5,27600
701,5/8/2013,apascnut,29.6067,-84.9467,6.53,21.4,34.2,8.1,6.5,0.003,0.083,0.013,2.9,24.7,82.02083333,1018.416667,1478.1,24600
530,1/11/2011,apacpnut,29.7021,-84.8802,7.8,11.2,28,8.2,6.5,0.003,0.043,0.003,3.8,8.2,94.41666667,1023.739583,896.6,14400
263,10/9/2007,apanhnut,29.6504,-84.9289,6,27.1,35.4,8.3,5.1,0.002,0.008,0.002,3.8,28.3,85.3125,1014.15625,1596.2,7640
518,12/14/2010,apaesnut,29.7858,-84.8752,11.05,5,11.1,8.2,8.2,0.002,0.116,0.025,7.8,7.9,42.75,1021.53125,1084.9,11500
372,4/15/2009,apapcnut,29.6079,-85.0196,7.72,19.7,5.1,8.3,23.7,0.011,0.118,0.196,2.7,21.3,71.01041667,1016.697917,1808.6,69500
124,11/29/2005,apaegnut,29.7308,-84.9452,7.1,18.4,16.1,7.8,5.9,0.002,0.04,0.183,1.28,21.7,71.82291667,1014.979167,982,19300
652,10/2/2012,apaegnut,29.7308,-84.9452,6.58,26.7,13.7,8.2,13.8,0.003,0.013,0.037,12.07,27.6,75.96875,1010.833333,1511,6650
35,4/5/2004,apanhnut,29.6504,-84.9289,8.68,17.8,23.2,8.3,9.3,0.001,0.004,0.02,4.7,18.5,54.51041667,1018.385417,1627.7,13200
346,10/7/2008,apambnut,29.6677,-84.994,6.45,24.6,31.1,7.8,40.4,0.006,0.017,0.0062,10.3,26.1,88.66666667,1018.6875,1070,7450
253,9/10/2007,apascnut,29.6067,-84.9467,6,30.1,35.3,8.1,9.7,0.002,0.009,0.0014,5.4,31.2,84.02083333,1015.78125,1908.5,7490
347,10/7/2008,apaegnut,29.7308,-84.9452,7.17,25.4,11.3,7.8,11.6,0.004,0.018,0.223,11.2,26.1,88.66666667,1018.6875,1070,7450
667,11/26/2012,apadbnut,29.6747,-85.0583,8.67,16.4,28.9,8.2,7.2,0.003,0.028,0.025,5.36,18.1,82.80208333,1022.208333,1042.8,6490
485,6/8/2010,apapcnut,29.6079,-85.0196,6.86,29.4,31.2,8.4,6.5,0.002,0.0177,0.003,6.2,30.4,66.89583333,1016.333333,1840.3,19200
591,11/2/2011,apaegnut,29.7308,-84.9452,6.52,17.4,13.5,8.1,11.4,0.004,0.054,0.107,4,22.1,76.14583333,1022.604167,1279.3,6290
364,1/13/2009,apambnut,29.6677,-84.994,8.58,14.3,11.9,7.8,5.2,0.002,0.0117,0.362,10,60.7,45.75,1019.239583,1141.5,25900
644,8/7/2012,apacpnut,29.7021,-84.8802,5.13,30.1,23.6,7.8,6.5,0.003,0.05,0.049,6.7,31,80.19791667,1014.729167,1833.9,6990
669,11/26/2012,apambnut,29.6677,-84.994,8.53,16.6,28.1,8.2,5.6,0.003,0.042,0.004,4.24,18.1,82.80208333,1022.208333,1042.8,6490
822,7/5/2016,apaegnut,29.7308,-84.9452,6.7,29.9,14.1,7.9,7.2,0.004,0.009,0.16,12,33.3,78.08333333,1019.875,2049.6,11400
359,11/4/2008,apascnut,29.6067,-84.9467,6.8,19.4,31.9,7.8,2.2,0.002,0.02,0.0062,3.6,19.3,82.76041667,1019.614583,859.2,12200
754,2/10/2014,apaesnut,29.7858,-84.8752,10.1,14.7,4.6,8.3,3.9,0.004,0.013,0.37,9.2,38.7,99.01041667,1019.010417,0.8,25400
851,2/6/2017,apanhnut,29.6504,-84.9289,9.28,15.5,3.45,7.5,11.1,0.004,0.009,0.25,2,21,87.47916667,1022.09375,1252.1,27200
601,12/13/2011,apaebnut,29.7858,-84.8752,9.21,14.4,19,8.2,11.5,0.003,0.029,0.003,8,22.5,79.47916667,1026.53125,1064.2,6410
389,6/9/2009,apaegnut,29.7308,-84.9452,6.2,28.9,2.9,7.6,10.4,0.005,0.078,0.222,8.3,31.8,76.15625,1014.9375,1767,26100
285,12/4/2007,aparvnut,29.7791,-85.0434,7,16.9,0.1,7.8,4.2,0.008,0.027,0.364,2.2,16.3,65.33333333,1017.479167,1111.5,5550
695,5/8/2013,apawpnut,29.6379,-85.089,6.43,21.3,35.5,8.1,12.7,0.003,0.114,0.003,4.47,24.7,82.02083333,1018.416667,1478.1,24600
118,11/8/2005,apapcnut,29.6079,-85.0196,7.5,23.2,24.9,8,3.4,0.001,0.025,0.049,1.28,27.1,84.23958333,1022.958333,1077.9,11000
626,5/9/2012,apadbnut,29.6747,-85.0583,5.66,27.4,27.6,8.2,5.4,0.003,0.013,0.0024,5.81,27.7,80.6875,1010.166667,2001.7,7100
203,3/6/2007,apapcnut,29.6079,-85.0196,8.68,14.8,15.5,8.3,3.1,0.002,0.02,0.208,2.4,21.3,54.69791667,1026.583333,1611.7,25700
824,7/5/2016,apaebnut,29.7858,-84.8752,6,29.9,1.8,7.8,15.9,0.005,0.093,0.024,8.1,33.3,78.08333333,1019.875,2049.6,11400
179,11/29/2006,apascnut,29.6067,-84.9467,9,17.3,34,7.8,6.9,0.001,0.004,0.007,2.65,23.5,84.90625,1020.552083,1194.7,18400
858,6/5/2018,apapcnut,29.6079,-85.0196,5.85,27.9,34.72,8,3.44,0.004,0.003,0.004,6.5,28.4,73.13541667,1012.84375,1012.2,39300
257,10/9/2007,apapcnut,29.6079,-85.0196,6.2,27.1,35.4,8.3,7.2,0.002,0.019,0.002,4.2,28.3,85.3125,1014.15625,1596.2,7640
54,11/8/2004,apawpnut,29.6379,-85.089,95.7,22.2,28.8,8.3,8.3,0.001,0.027,0.031,1.3,24.7,77.82022472,1019.385417,988.9,21300
781,1/13/2016,apanhnut,29.6504,-84.9289,9.9,12.1,0.6,8.3,30.5,0.01,0.034,0.23,1.3,15.1,71.73958333,1023.479167,1065.1,65300
723,9/4/2013,apascnut,29.6067,-84.9467,5.24,29.5,30.9,8,3.7,0.004,0.007,0.004,3.4,31.1,84.08333333,1017.333333,1301.2,32000
416,10/6/2009,apapcnut,29.6079,-85.0196,7.7,27.6,16.6,7.4,3.5,0.001,0.0193,0.009,8.9,31.7,89.85416667,1014.708333,1535.7,26500
733,10/8/2013,aparvnut,29.7791,-85.0434,4.81,25,0.1,8.4,6.9,0.007,0.021,0.41,2.1,27.9,82.42708333,1013.677083,1370.5,14500
550,5/11/2011,apambnut,29.6677,-84.994,6.83,26.2,17.9,8.2,3.1,0.007,0.067,0.003,7.2,28.4,83.58333333,1014.645833,1585.1,10700
337,9/8/2008,apambnut,29.6677,-84.994,6.27,30.3,21.5,7.8,4.9,0.002,0.02,0.0062,7.6,30.9,79.23958333,1016.40625,1822.6,19100
88,3/2/2005,apadbnut,29.6747,-85.0583,8.8,15.3,13.3,7.8,13.8,0.001,0.004,0.141,0.9,13.4,58.69791667,1022.604167,1160.9,29600
414,9/8/2009,aparvnut,29.7791,-85.0434,6.5,28.3,0.1,7.6,8.7,0.007,0.0193,0.392,5.6,30,74.03125,1015.208333,1793.3,17200
227,6/5/2007,apaebnut,29.7858,-84.8752,5.95,25.9,19.1,7.9,47.7,0.002,0.041,0.051,23.5,29,85.22916667,1012.03125,1801.4,6200
765,1/6/2015,apambnut,29.6677,-84.994,9.42,13.4,6.7,7.4,11.5,0.006,0.16,0.21,3.2,18.5,71.55208333,1027.239583,1086.2,32200
504,9/8/2010,apawpnut,29.6379,-85.089,6.09,29.5,27,8.3,7.1,0.002,0.04,0.0021,7.8,30.3,79.40625,1016.0625,1799.5,9360
281,12/4/2007,apaebnut,29.7858,-84.8752,6.9,16.4,23.1,8.3,8.5,0.002,0.008,0.006,10.9,16.3,65.33333333,1017.479167,1111.5,5550
452,3/4/2010,apaegnut,29.7308,-84.9452,8.96,13.1,0.5,8.4,12.4,0.002,0.0177,0.493,7.4,13.9,54.13541667,1019.34375,1534.4,34900
13,1/8/2004,apacpnut,29.7021,-84.8802,8.36,12.3,27.9,7.8,3.7,0.001,0.005,0.019,1.3,14.4,59.3125,1028.322917,1243.2,13600
676,1/8/2013,apambnut,29.6677,-84.994,9,12.5,21.7,8.2,7.6,0.003,0.041,0.181,1.34,21,82.98958333,1022.583333,1808.6,10300
819,7/5/2016,apadbnut,29.6747,-85.0583,6.6,30.6,31.6,8,6.3,0.004,0.008,0.004,5.3,33.3,78.08333333,1019.875,2049.6,11400
303,3/11/2008,apanhnut,29.6504,-84.9289,9.46,15.9,4.2,8.1,3.9,0.002,0.055,0.16,6.5,19.3,92.13541667,1018.5625,1141.2,36100
383,5/5/2009,apascnut,29.6067,-84.9467,3.2,24.6,32,8.2,14.3,0.001,0.0193,0.006,6.7,26.9,86.8125,1017.09375,1833.6,23200
542,3/2/2011,apadbnut,29.6747,-85.0583,8.1,19.5,11.8,8.4,42.6,0.003,0.015,0.285,14.7,21.4,68.64583333,1021.395833,1408.2,12400
757,2/10/2014,apanhnut,29.6504,-84.9289,11.78,14.3,8.4,8.3,3.4,0.004,0.009,0.35,6.8,38.7,99.01041667,1019.010417,0.8,25400
739,12/3/2013,apapcnut,29.6079,-85.0196,8.36,16.9,30.7,8,2.1,0.004,0.011,0.055,3.7,23.2,100,1012.177083,929.5,19400
340,9/8/2008,apaebnut,29.7858,-84.8752,5.68,31.1,10.7,7.2,8.4,0.003,0.292,0.052,15.9,30.9,79.23958333,1016.40625,1822.6,19100
581,9/7/2011,apanhnut,29.6504,-84.9289,6.7,25.5,24.1,8,8.9,0.003,0.015,0.003,17.6,27.4,68.17708333,1013.71875,1642.2,7030
209,4/9/2007,apaebnut,29.7858,-84.8752,10.01,14.7,5.3,8.3,14.5,0.002,0.018,0.117,30.8,14.2,70.8125,1018.71875,859.3,12100
691,4/2/2013,apapcnut,29.6079,-85.0196,8.21,18.6,15.7,8.2,5.2,0.003,0.048,0.143,4.47,24.4,67.8125,1017.875,1474.6,34300
31,3/9/2004,apacpnut,29.7021,-84.8802,7.03,16.9,7.4,8,14,0.002,0.027,0.289,2.1,19.6,54.57291667,1018.052083,1432.5,28600
523,1/11/2011,apawpnut,29.6379,-85.089,9.2,10.8,19.5,8.2,11.3,0.003,0.084,0.025,13.4,8.2,94.41666667,1023.739583,896.6,14400
816,6/1/2016,apanhnut,29.6504,-84.9289,7.7,28.3,14.6,8.5,4.8,0.004,0.005,0.077,9.8,30,81.13541667,1015.916667,1897.1,14600
470,5/5/2010,apaegnut,29.7308,-84.9452,6.49,25.5,0.3,7.8,8.7,0.007,0.036,0.408,2.9,27.5,92.94791667,1012.927083,1659.3,26900
625,5/9/2012,apawpnut,29.6379,-85.089,5.72,26.8,32.2,8.2,4,0.003,0.021,0.004,2.9,27.7,80.6875,1010.166667,2001.7,7100
178,11/29/2006,apambnut,29.6677,-84.994,10.7,17.7,22.2,7.8,6,0.001,0.004,0.011,6.58,23.5,84.90625,1020.552083,1194.7,18400
536,2/9/2011,apaegnut,29.7308,-84.9452,8.1,11.1,3.3,8.4,9.4,0.003,0.018,0.526,6.9,11.6,75.75,1019.427083,1115.7,26500
277,12/4/2007,apapcnut,29.6079,-85.0196,6.9,16.3,28.7,8.4,10.2,0.002,0.008,0.002,4.2,16.3,65.33333333,1017.479167,1111.5,5550
207,4/9/2007,apaegnut,29.7308,-84.9452,9.33,16.2,15.6,8.1,10.2,0.002,0.017,0.141,11.8,14.2,70.8125,1018.71875,859.3,12100
777,12/1/2015,apapcnut,29.6079,-85.0196,8.68,20.8,15.2,7.9,3.1,0.004,0.012,0.14,3.9,25,94.79166667,1016.114583,1110.8,31100
773,10/6/2015,apadbnut,29.6747,-85.0583,7.85,22.5,18.4,8.1,4.8,0.004,0.016,0.086,7.8,22.7,86.88541667,1014.479167,1090.9,15700
692,4/2/2013,apaegnut,29.7308,-84.9452,8.04,18.3,2.1,8.4,13.1,0.006,0.053,0.335,6.48,24.4,67.8125,1017.875,1474.6,34300
92,3/2/2005,apaebnut,29.7858,-84.8752,7.8,13.7,1.7,7.8,19.7,0.001,0.004,0.098,1.28,13.4,58.69791667,1022.604167,1160.9,29600
314,5/13/2008,apapcnut,29.6079,-85.0196,6.43,23.5,35.1,8.3,26.2,0.002,0.029,0.026,6,24.6,67.07291667,1016.59375,1642.5,7840
378,5/5/2009,apapcnut,29.6079,-85.0196,3.5,26,29.2,8.2,13.7,0.001,0.022,0.004,8,26.9,86.8125,1017.09375,1833.6,23200
325,6/9/2008,apacpnut,29.7021,-84.8802,4.6,30.1,26.4,8.1,13.1,0.003,0.048,0.021,7.5,31,80.09375,1016.09375,1658.5,6350
778,1/13/2016,apadbnut,29.6747,-85.0583,9.3,12.5,0.8,7,30,0.008,0.029,0.21,1.7,15.1,71.73958333,1023.479167,1065.1,65300
159,9/6/2006,apacpnut,29.7021,-84.8802,4.5,30.1,20.1,7.5,12.4,0.002,0.05,0.019,7.82,30.2,85.35789474,1013.395833,1788,7300
720,8/12/2013,apacpnut,29.7021,-84.8802,5.91,30.8,21.5,7.8,8.4,0.004,0.019,0.019,11,32.2,81.5625,1018.885417,1350.6,24900
215,5/8/2007,apambnut,29.6677,-84.994,7.87,23.4,8.9,8.3,19.8,0.002,0.023,0.153,21.7,28.3,48.72916667,1014.5625,1787.7,8410
370,3/10/2009,apadbnut,29.6747,-85.0583,8.26,19.9,7.2,7.1,3.7,0.002,0.012,0.165,3.6,23.7,84.20833333,1021.302083,1635.4,31400
800,5/10/2016,apadbnut,29.6747,-85.0583,8.3,23.8,14.6,8.3,5.8,0.004,0.013,0.11,8.4,26.2,80.51041667,1020.333333,1285.7,22600
492,7/13/2010,aparvnut,29.7791,-85.0434,5.68,29.5,0.1,7.6,3.2,0.004,0.024,0.51,4.5,31.3,83.125,1014.65625,1825.5,12500
832,8/2/2016,apambnut,29.6677,-84.994,7.2,31,19.1,8.2,4.2,0.004,0.006,0.008,9.3,31.9,84.17708333,1018.770833,1935.2,8280
780,1/13/2016,apascnut,29.6067,-84.9467,8.5,14.8,33,8.1,2.3,0.004,0.007,0.004,2,15.1,71.73958333,1023.479167,1065.1,65300
812,6/1/2016,apaegnut,29.7308,-84.9452,7.3,28,8,8.1,6.5,0.004,0.004,0.19,15,30,81.13541667,1015.916667,1897.1,14600
592,11/2/2011,apaesnut,29.7858,-84.8752,6.18,18.4,19.3,8.1,10.2,0.003,0.015,0.004,7.4,22.1,76.14583333,1022.604167,1279.3,6290
129,11/30/2005,apanhnut,29.6504,-84.9289,6.6,15.5,20.6,8.1,5.9,0.001,0.018,0.1,0.85,16.1,67.63541667,1019.96875,977.1,19100
270,11/5/2007,apaebnut,29.7858,-84.8752,6.9,18.5,25.6,8,9.2,0.002,0.02,0.0014,9.2,25,68.83333333,1019.46875,1211.3,6600
130,1/4/2006,apadbnut,29.6747,-85.0583,6.9,16.2,13.4,8,6.3,0.001,0.027,0.098,5.25,17.6,84.8125,1018.770833,1051.4,27500
41,8/2/2004,apaegnut,29.7308,-84.9452,6.3,29.7,11.5,7.1,9.5,0.001,0.004,0.083,6.4,32.1,82.89010989,1013.229167,1675.6,12600
265,10/9/2007,aparvnut,29.7791,-85.0434,6.1,27.3,0.1,7.4,3.9,0.007,0.008,0.245,4.9,28.3,85.3125,1014.15625,1596.2,7640
279,12/4/2007,apaegnut,29.7308,-84.9452,7.3,15.6,21.9,8.3,5.2,0.002,0.012,0.05,4.7,16.3,65.33333333,1017.479167,1111.5,5550
17,2/9/2004,apambnut,29.6677,-84.994,9.58,12.2,13.4,8.3,20,0.001,0.008,0.239,5.1,16.1,77.41666667,1028.697917,1013.1,27800
814,6/1/2016,apaebnut,29.7858,-84.8752,7.3,28,3.2,8.5,7.9,0.004,0.006,0.01,13,30,81.13541667,1015.916667,1897.1,14600
423,10/6/2009,apacpnut,29.7021,-84.8802,4.9,26.1,8.4,7.4,13.6,0.009,0.13,0.12,5.8,31.7,89.85416667,1014.708333,1535.7,26500
621,4/4/2012,apapcnut,29.6079,-85.0196,5.42,24.7,29.8,8.2,1.9,0.003,0.017,0.0024,2.23,25.5,87.65625,1012,1801.6,12100
796,3/1/2016,apascnut,29.6067,-84.9467,9,16.9,30.8,8.2,2.4,0.004,0.005,0.004,1.2,21.9,88.79166667,1019.479167,1415.3,41300
724,9/4/2013,apanhnut,29.6504,-84.9289,7.38,29.6,7.3,8.2,4.6,0.004,0.009,0.04,8.2,31.1,84.08333333,1017.333333,1301.2,32000
546,3/2/2011,aparvnut,29.7791,-85.0434,6.92,18.9,0.1,8.3,10.3,0.011,0.024,0.54,1.8,21.4,68.64583333,1021.395833,1408.2,12400
467,4/6/2010,apawpnut,29.6379,-85.089,7.9,22.2,11.3,8.1,3.7,0.002,0.03,0.268,2.4,27.8,68.83333333,1019.458333,1712,27900
361,11/4/2008,apacpnut,29.7021,-84.8802,6.85,18.9,31,7.9,5.9,0.004,0.145,0.0062,2.9,19.3,82.76041667,1019.614583,859.2,12200
326,6/9/2008,aparvnut,29.7791,-85.0434,6.74,30.8,0.1,7.1,6.4,0.002,0.037,0.434,10.9,31,80.09375,1016.09375,1658.5,6350
615,3/5/2012,apadbnut,29.6747,-85.0583,6.76,17.5,31.9,8.2,12.3,0.003,0.073,0.005,8.27,22.5,69.1875,1025.322917,1290,23700
316,5/13/2008,apaegnut,29.7308,-84.9452,7.17,22.7,13.8,8.2,6.4,0.002,0.013,0.322,6,24.6,67.07291667,1016.59375,1642.5,7840
505,10/6/2010,apadbnut,29.6747,-85.0583,8,19.6,21.2,7.9,5.4,0.003,0.0177,0.027,4.5,24.3,54.01041667,1019.572917,1483,10600
85,2/7/2005,apaebnut,29.7858,-84.8752,10.9,14.6,20,7.7,10.5,0.002,0.023,0.057,2.56,19.7,78.4375,1024.666667,1056.8,28200
660,11/6/2012,apaegnut,29.7308,-84.9452,7.37,19.9,15.1,8.3,4.2,0.005,0.042,0.056,3.13,20.8,74.36458333,1012.96875,1312.5,7670
629,5/9/2012,apaegnut,29.7308,-84.9452,5.78,28,16.5,8,5.8,0.003,0.015,0.045,8.71,27.7,80.6875,1010.166667,2001.7,7100
333,8/5/2008,apanhnut,29.6504,-84.9289,5.6,28.2,29,8,4.6,0.002,0.016,0.0062,6.2,31.9,84.66666667,1018.385417,1906.2,7340
182,1/9/2007,apapcnut,29.6079,-85.0196,8.61,15.7,19,8.1,4.8,0.001,0.006,0.101,3.8,18.2,53.36458333,1024.53125,1219.8,28700
315,5/13/2008,apambnut,29.6677,-84.994,6.79,23.4,26.4,8.2,8.1,0.002,0.032,0.16,4.5,24.6,67.07291667,1016.59375,1642.5,7840
412,9/8/2009,apanhnut,29.6504,-84.9289,7.5,28.3,28.8,7.8,12.8,0.001,0.0193,0.011,15.6,30,74.03125,1015.208333,1793.3,17200
768,3/10/2015,apacpnut,29.7021,-84.8802,9.3,17.2,26.6,7.9,3,0.004,0.009,0.028,2.3,22.8,88.875,1019.71875,1414.6,30900
217,5/8/2007,apaesnut,29.7858,-84.8752,6.86,23.2,10.8,8.1,10.5,0.002,0.042,0.004,14.3,28.3,48.72916667,1014.5625,1787.7,8410
202,3/6/2007,apadbnut,29.6747,-85.0583,8.59,14.4,19.7,8.3,3.7,0.002,0.026,0.011,2,21.3,54.69791667,1026.583333,1611.7,25700
19,2/9/2004,apanhnut,29.6504,-84.9289,9.68,11,17.4,8.1,5.5,0.001,0.004,0.156,2.6,16.1,77.41666667,1028.697917,1013.1,27800
145,3/1/2006,apambnut,29.6677,-84.994,9.6,15.8,9.2,7.9,6.3,0.001,0.026,0.304,3.42,20.4,89.5625,1020.166667,1125.5,27600
454,3/4/2010,apanhnut,29.6504,-84.9289,8.73,11.7,8,8.1,11.9,0.002,0.031,0.367,4.7,13.9,54.13541667,1019.34375,1534.4,34900
385,5/5/2009,apacpnut,29.7021,-84.8802,3.7,26.2,9.7,8.1,19.6,0.003,0.063,0.193,9.4,26.9,86.8125,1017.09375,1833.6,23200
49,9/8/2004,apaegnut,29.7308,-84.9452,6.53,28.1,7.6,7.6,10,0.003,0.046,0.295,16,30.7,84.96296296,1011.333333,1385.3,11900
74,1/4/2005,apaegnut,29.7308,-84.9452,8.91,14.1,1.4,8.1,4.4,0.046,0.039,0.086,0.64,21.7,89.11458333,1027.46875,940.6,28900
446,2/2/2010,aparvnut,29.7791,-85.0434,8.57,11.5,0,8.2,25.9,0.01,0.053,0.343,3.1,16.2,85.09375,1017.385417,1199.4,79200
107,6/6/2005,apapcnut,29.6079,-85.0196,6.98,28.6,16.3,8.2,3.1,0.002,0.037,0.21,0.85,30.1,81.09375,1017.083333,1579.7,26400
751,2/10/2014,apadbnut,29.6747,-85.0583,11.15,14.8,13,8.3,4,0.004,0.009,0.11,15,38.7,99.01041667,1019.010417,0.8,25400
762,8/6/2014,apanhnut,29.6504,-84.9289,7.05,30,16.1,8.5,3.6,0.004,0.014,0.008,9,32.4,81.85416667,1016.6875,1705.5,13100
541,3/2/2011,apawpnut,29.6379,-85.089,8.1,19.1,12.5,8.5,13,0.003,0.037,0.157,8.9,21.4,68.64583333,1021.395833,1408.2,12400
53,9/8/2004,apacpnut,29.7021,-84.8802,7.38,28.2,20.2,7.8,27.5,0.002,0.048,0.112,32,30.7,84.96296296,1011.333333,1385.3,11900
641,8/7/2012,apambnut,29.6677,-84.994,6.21,30,25.1,7.9,3.5,0.003,0.041,0.0024,4.47,31,80.19791667,1014.729167,1833.9,6990
22,2/10/2004,apaebnut,29.7858,-84.8752,9.65,12.5,7.9,8,5.5,0.001,0.006,0.079,12.2,14.9,89.76041667,1023.4375,342.2,29200
771,7/7/2015,apascnut,29.6067,-84.9467,6.14,28.5,36.1,7.9,2.1,0.004,0.043,0.004,1.2,31.4,83.22916667,1020.5,1800.1,11700
856,5/8/2018,apaesnut,29.7858,-84.8752,6.52,24.1,4.66,7.7,27.7,0.004,0.036,0.004,12,29.8,69.54166667,1017.21875,1806.4,21700
269,11/5/2007,apaegnut,29.7308,-84.9452,6.7,19.3,20.6,8.3,4.8,0.005,0.021,0.051,5.8,25,68.83333333,1019.46875,1211.3,6600
147,3/1/2006,apaesnut,29.7858,-84.8752,9.4,17.6,2.3,8.1,18.6,0.001,0.027,0.17,6.66,20.4,89.5625,1020.166667,1125.5,27600
745,1/13/2014,apambnut,29.6677,-84.994,10.7,11.4,3.5,8.1,11.1,0.005,0.018,0.38,3.3,18,100,1018.052083,933.3,32100
352,10/7/2008,aparvnut,29.7791,-85.0434,6.99,25.1,0.1,8,3.3,0.006,0.147,0.335,5.4,26.1,88.66666667,1018.6875,1070,7450
566,7/13/2011,apacpnut,29.7021,-84.8802,5.16,30,19.8,7.9,6.2,0.003,0.036,0.018,14.7,30.9,86.5625,1012.385417,1841.8,6690
552,5/11/2011,apanhnut,29.6504,-84.9289,7.9,26.2,16.8,8.4,3.3,0.004,0.036,0.003,8,28.4,83.58333333,1014.645833,1585.1,10700
633,7/3/2012,apapcnut,29.6079,-85.0196,5.68,28.8,34.6,8.3,10.2,0.003,0.013,0.004,2.46,31.4,82.6875,1017.041667,1788.7,7760
382,5/5/2009,apaebnut,29.7858,-84.8752,4.6,26.6,0.5,8.2,48.1,0.003,0.031,0.155,29,26.9,86.8125,1017.09375,1833.6,23200
526,1/11/2011,apambnut,29.6677,-84.994,9.46,10.8,18.2,8.2,11.5,0.003,0.065,0.058,13.2,8.2,94.41666667,1023.739583,896.6,14400
99,4/4/2005,apacpnut,29.7021,-84.8802,7.6,18.1,0.2,8,44,0.005,0.046,0.276,1.22,23.3,72.9375,1022.59375,1387.9,161000
247,8/7/2007,apanhnut,29.6504,-84.9289,5.7,30,27.4,8,6,0.002,0.042,0.004,6.2,33.6,84.86458333,1013.541667,1740.6,5950
295,2/11/2008,apascnut,29.6067,-84.9467,7.14,16,30.4,8.3,4.3,0.002,0.014,0.059,3.1,19.4,69.52083333,1024,1375.5,27300
538,2/9/2011,apanhnut,29.6504,-84.9289,7.72,11.6,19.3,8.3,7.7,0.004,0.04,0.148,8.5,11.6,75.75,1019.427083,1115.7,26500
218,5/8/2007,apaebnut,29.7858,-84.8752,6.86,23.2,10.8,8.1,10.5,0.002,0.008,0.005,27.9,28.3,48.72916667,1014.5625,1787.7,8410
72,1/4/2005,apapcnut,29.6079,-85.0196,9.34,15,8.1,8,5,0.033,0.041,0.268,0.64,21.7,89.11458333,1027.46875,940.6,28900
336,9/8/2008,apapcnut,29.6079,-85.0196,5.76,29.4,20.1,7.8,8.1,0.002,0.014,0.011,5.6,30.9,79.23958333,1016.40625,1822.6,19100
335,9/8/2008,apadbnut,29.6747,-85.0583,5.95,29.9,14.2,7.6,7.6,0.003,0.03,0.048,8.3,30.9,79.23958333,1016.40625,1822.6,19100
393,6/9/2009,apanhnut,29.6504,-84.9289,6.7,26.8,12.8,7.9,6.4,0.001,0.0193,0.103,9.2,31.8,76.15625,1014.9375,1767,26100
123,11/8/2005,apacpnut,29.7021,-84.8802,6.2,23.5,28.3,7.8,3.4,0.002,0.009,0.101,1.28,27.1,84.23958333,1022.958333,1077.9,11000
588,10/5/2011,apacpnut,29.7021,-84.8802,6.42,23.1,26.1,8.2,23.8,0.003,0.062,0.003,6.2,25.9,71.52083333,1019.84375,1547.5,7400
854,11/27/2017,apambnut,29.6677,-84.994,9.09,17.8,22.09,8.1,1.56,0.004,0.005,0.052,4.7,21.4,57.70833333,1020.9375,1211.2,8830
434,12/8/2009,apacpnut,29.7021,-84.8802,8.9,14.2,18.9,7.6,4.6,0.007,0.0193,0.858,2.7,19.2,84.8125,1016.270833,488.4,49300
431,12/8/2009,apaesnut,29.7858,-84.8752,7.6,14.3,1.2,8.2,12.3,0.003,0.046,0.044,2,19.2,84.8125,1016.270833,488.4,49300
240,7/10/2007,aparvnut,29.7791,-85.0434,6.7,31.7,0.1,7.3,4.3,0.002,0.033,0.154,11.2,31.8,80.28125,1017.989583,1896.6,6390
561,6/7/2011,apacpnut,29.7021,-84.8802,5.04,29.6,23.7,7.9,19.6,0.003,0.022,0.01,12.3,29.9,78.01041667,1013.65625,1593.9,6540
339,9/8/2008,apaesnut,29.7858,-84.8752,5.68,31.1,10.7,7.2,8.4,0.002,0.173,0.058,16.8,30.9,79.23958333,1016.40625,1822.6,19100
64,11/30/2004,apadbnut,29.6747,-85.0583,8.2,18,9.5,8,17.7,0.012,0.02,0.263,2.1,22.7,88.53125,1021.40625,883.7,36000
256,10/9/2007,apadbnut,29.6747,-85.0583,5.9,27.4,30.6,8,18.1,0.002,0.03,0.009,11.2,28.3,85.3125,1014.15625,1596.2,7640
866,2/3/2020,aparvnut,29.7791,-85.0434,9.06,12.7,0.05,8,8.8,0.014,0.018,0.41,1.6,21.6,86.03125,1020.552083,1289.9,34600
708,7/9/2013,apapcnut,29.6079,-85.0196,7.9,27.5,13.3,8,7.2,0.004,0.024,0.15,5.5,30.4,79.75,1020.802083,1371.7,38900
379,5/5/2009,apambnut,29.6677,-84.994,3.2,25.3,23.4,8.2,20,0.001,0.078,0.042,10,26.9,86.8125,1017.09375,1833.6,23200
418,10/6/2009,apaegnut,29.7308,-84.9452,5.2,28.5,0.6,8,9.5,0.012,0.035,0.131,4.7,31.7,89.85416667,1014.708333,1535.7,26500
735,10/29/2013,apaegnut,29.7308,-84.9452,7.92,21.6,18.8,8,5.3,0.005,0.009,0.11,8.9,24.6,83.58333333,1023.71875,1018.2,8960
534,2/9/2011,apapcnut,29.6079,-85.0196,7.97,11,17.1,8.2,8.3,0.003,0.015,0.199,6.7,11.6,75.75,1019.427083,1115.7,26500
128,11/30/2005,apascnut,29.6067,-84.9467,5.6,18.1,32,8.2,6.7,0.001,0.004,0.007,1.28,16.1,67.63541667,1019.96875,977.1,19100
429,12/8/2009,apambnut,29.6677,-84.994,8.8,13.8,3.4,7.2,15.5,0.006,0.078,0.257,2,19.2,84.8125,1016.270833,488.4,49300
110,6/6/2005,apaebnut,29.7858,-84.8752,6.66,29.5,0.3,8.2,13.5,0.002,0.068,0.104,2.13,30.1,81.09375,1017.083333,1579.7,26400
763,9/3/2014,apadbnut,29.6747,-85.0583,7.39,30.9,19.4,8.3,3.7,0.004,0.012,0.006,11,31.5,84.08333333,1016.59375,1862.8,9100
403,7/14/2009,apacpnut,29.7021,-84.8802,3.99,30.1,24.2,7.7,12.3,0.001,0.044,0.054,11.8,30.5,82.25,1016.510417,1925.8,11800
73,1/4/2005,apambnut,29.6677,-84.994,9.12,14.3,4.7,7.6,5,0.032,0.04,0.323,1.28,21.7,89.11458333,1027.46875,940.6,28900
576,9/7/2011,apadbnut,29.6747,-85.0583,6.12,24.7,24.9,7.9,7.5,0.003,0.015,0.029,7.4,27.4,68.17708333,1013.71875,1642.2,7030
464,4/6/2010,apapcnut,29.6079,-85.0196,7.87,21.7,9.7,8.2,2.8,0.002,0.033,0.279,2.4,27.8,68.83333333,1019.458333,1712,27900
23,3/9/2004,apawpnut,29.6379,-85.089,7.36,16.5,17.8,7.9,6.4,0.001,0.004,0.146,1.7,19.6,54.57291667,1018.052083,1432.5,28600
449,3/4/2010,apacpnut,29.7021,-84.8802,8.78,12.2,4,8.4,17.9,0.002,0.023,0.43,5.1,13.9,54.13541667,1019.34375,1534.4,34900
187,1/9/2007,apacpnut,29.7021,-84.8802,7.85,16.6,14.5,7.9,17.2,0.007,0.045,0.166,4.7,18.2,53.36458333,1024.53125,1219.8,28700
784,2/17/2016,apawpnut,29.6379,-85.089,9.3,14.7,22.4,8.1,21.5,0.004,0.01,0.11,10,20.7,74.9375,1019.760417,1358.3,38600
657,11/6/2012,apawpnut,29.6379,-85.089,6.66,20,34.8,8.3,16.2,0.003,0.013,0.004,4.47,20.8,74.36458333,1012.96875,1312.5,7670
410,9/8/2009,apaebnut,29.7858,-84.8752,5.6,30.8,16.6,7.4,10.2,0.001,0.158,0.024,25,30,74.03125,1015.208333,1793.3,17200
835,8/2/2016,apaebnut,29.7858,-84.8752,4.2,30.4,8,7.5,12.32,0.004,0.098,0.03,18,31.9,84.17708333,1018.770833,1935.2,8280
656,10/2/2012,aparvnut,29.7791,-85.0434,6.03,27,0.1,8,4.4,0.008,0.013,0.215,4.47,27.6,75.96875,1010.833333,1511,6650
714,7/9/2013,apacpnut,29.7021,-84.8802,5.69,27.7,24.1,7.9,11.3,0.004,0.065,0.036,6.8,30.4,79.75,1020.802083,1371.7,38900
559,6/7/2011,apaebnut,29.7858,-84.8752,4.88,29.5,8.7,7.9,16.3,0.003,0.015,0.004,16.3,29.9,78.01041667,1013.65625,1593.9,6540
192,2/5/2007,apaesnut,29.7858,-84.8752,6.04,11.6,1.3,7.3,12.7,0.006,0.02,0.032,16,12.5,57.375,1029.229167,1156.2,28200
646,9/4/2012,apaegnut,29.7308,-84.9452,5.48,29.8,11.7,7.7,8.2,0.003,0.072,0.095,11.4,29.3,86.85416667,1015,1114,7020
459,4/6/2010,apadbnut,29.6747,-85.0583,8.28,22.6,6.6,8.4,4.2,0.002,0.0177,0.326,5.6,27.8,68.83333333,1019.458333,1712,27900
387,6/9/2009,apadbnut,29.6747,-85.0583,5.8,28,27.6,7.6,7.3,0.001,0.0193,0.004,7.6,31.8,76.15625,1014.9375,1767,26100
575,9/7/2011,apawpnut,29.6379,-85.089,5.44,26.9,30.3,7.8,9.3,0.004,0.037,0.008,4.9,27.4,68.17708333,1013.71875,1642.2,7030
149,3/1/2006,apascnut,29.6067,-84.9467,8.3,16.3,30.6,8,4.7,0.002,0.022,0.034,3.5,20.4,89.5625,1020.166667,1125.5,27600
30,3/9/2004,apascnut,29.6067,-84.9467,6.78,15.9,30.6,7.8,13.9,0.001,0.015,0.017,3,19.6,54.57291667,1018.052083,1432.5,28600
717,8/12/2013,apambnut,29.6677,-84.994,6.63,30,2.7,7.9,8.2,0.005,0.007,0.11,13,32.2,81.5625,1018.885417,1350.6,24900
68,11/30/2004,apanhnut,29.6504,-84.9289,8.4,19,21.6,7.8,4.2,0.007,0.014,0.015,1.7,22.7,88.53125,1021.40625,883.7,36000
558,6/7/2011,apaesnut,29.7858,-84.8752,4.88,29.5,8.7,7.9,16.3,0.003,0.015,0.004,16.8,29.9,78.01041667,1013.65625,1593.9,6540
731,10/8/2013,apascnut,29.6067,-84.9467,5.72,26.7,34.2,8,7.6,0.004,0.008,0.006,7,27.9,82.42708333,1013.677083,1370.5,14500
742,12/3/2013,apanhnut,29.6504,-84.9289,9.4,15.9,29,8,3.2,0.004,0.007,0.029,9.4,23.2,100,1012.177083,929.5,19400
549,5/11/2011,apapcnut,29.6079,-85.0196,6.4,26.3,27.4,8.3,4.9,0.003,0.04,0.003,4.2,28.4,83.58333333,1014.645833,1585.1,10700
211,4/9/2007,apacpnut,29.7021,-84.8802,8.67,15.8,19.6,8,9.3,0.002,0.033,0.113,3.8,14.2,70.8125,1018.71875,859.3,12100
164,11/1/2006,apadbnut,29.6747,-85.0583,7.5,21.5,21.1,7.8,4.3,0.002,0.008,0.007,4.57,26.4,78.27083333,1016.208333,1523.4,8360
506,10/6/2010,apaebnut,29.7858,-84.8752,6.57,19.8,20.4,8.1,14.6,0.002,0.0177,0.004,24.8,24.3,54.01041667,1019.572917,1483,10600
139,2/1/2006,apambnut,29.6677,-84.994,8.5,15.5,7.4,8,5.4,0.001,0.041,0.41,2.01,16.8,76.16666667,1018.635417,979.6,26700
756,2/10/2014,apascnut,29.6067,-84.9467,8.76,14.4,31.2,8.1,1.4,0.004,0.008,0.017,1.7,38.7,99.01041667,1019.010417,0.8,25400
24,3/9/2004,apadbnut,29.6747,-85.0583,7.1,15.5,9.5,7.9,3.9,0.001,0.004,0.117,2.6,19.6,54.57291667,1018.052083,1432.5,28600
177,11/29/2006,apapcnut,29.6079,-85.0196,10.2,17.5,25.8,7.7,4.8,0.001,0.004,0.007,4.27,23.5,84.90625,1020.552083,1194.7,18400
67,11/30/2004,apaegnut,29.7308,-84.9452,7.6,17.5,1.2,7.7,15.5,0.018,0.029,0.369,0.8,22.7,88.53125,1021.40625,883.7,36000
826,7/5/2016,apanhnut,29.6504,-84.9289,6.9,29.8,28.5,8,3.8,0.005,0.01,0.004,4,33.3,78.08333333,1019.875,2049.6,11400
293,2/11/2008,apaesnut,29.7858,-84.8752,7.03,16.7,7.2,8,11.5,0.012,0.069,0.196,5.6,19.4,69.52083333,1024,1375.5,27300
89,3/2/2005,apambnut,29.6677,-84.994,8.9,14.8,10.7,7.8,10.3,0.001,0.008,0.218,0.56,13.4,58.69791667,1022.604167,1160.9,29600
353,11/4/2008,apawpnut,29.6379,-85.089,7.93,18.4,18.9,7.8,7.3,0.002,0.022,0.117,9.4,19.3,82.76041667,1019.614583,859.2,12200
2,12/8/2003,apaesnut,29.7858,-84.8752,9.89,35.18142857,10.7,7.8,2.2,0.001,0.004,0.034,8.971,14.7,85.01041667,1022.166667,1119.9,24400
86,2/7/2005,apacpnut,29.7021,-84.8802,8.9,13.7,28.3,7.8,3.3,0.001,0.019,0.016,1.71,19.7,78.4375,1024.666667,1056.8,28200
25,3/9/2004,apapcnut,29.6079,-85.0196,7.35,16.9,16.1,7.9,2.8,0.001,0.004,0.158,1.7,19.6,54.57291667,1018.052083,1432.5,28600
867,3/16/2020,apaesnut,29.7858,-84.8752,8.04,22.7,0.53,7.1,14.6,0.005,0.004,0.004,23,23,87.83333333,1022.916667,1582.1,101000
435,12/8/2009,aparvnut,29.7791,-85.0434,8.2,13,0,7.2,24.5,0.007,0.045,0.322,1.6,19.2,84.8125,1016.270833,488.4,49300
789,2/17/2016,apascnut,29.6067,-84.9467,8.5,15.4,33.5,8.1,5.7,0.004,0.035,0.004,2.3,20.7,74.9375,1019.760417,1358.3,38600
457,3/4/2010,apawpnut,29.6379,-85.089,7.5,12.6,33.4,8,16.2,0.002,0.026,0.018,17,13.9,54.13541667,1019.34375,1534.4,34900
306,4/21/2008,apadbnut,29.6747,-85.0583,6.78,22,17.9,8.2,9.4,0.002,0.012,0.037,5.1,29.1,67.0625,1013.520833,1740,20100
522,12/14/2010,apawpnut,29.6379,-85.089,7.29,11,33.7,8.1,37.3,0.003,0.04,0.004,10.3,7.9,42.75,1021.53125,1084.9,11500
351,10/7/2008,apacpnut,29.7021,-84.8802,6.29,25.2,33.2,7.8,13.9,0.003,0.016,0.0062,5.8,26.1,88.66666667,1018.6875,1070,7450
606,1/10/2012,apadbnut,29.6747,-85.0583,9.05,16.2,20.7,8.5,6.8,0.003,0.044,0.08,3.8,19.5,85.625,1015.15625,581.2,7360
537,2/9/2011,apascnut,29.6067,-84.9467,6.34,12.7,35.3,8.2,8.6,0.003,0.015,0.003,4.5,11.6,75.75,1019.427083,1115.7,26500
36,4/5/2004,apacpnut,29.7021,-84.8802,7.49,18,17.6,8.3,5.8,0.001,0.02,0.103,2.6,18.5,54.51041667,1018.385417,1627.7,13200
706,7/9/2013,apawpnut,29.6379,-85.089,7.8,28,14.2,8.1,4.1,0.004,0.017,0.086,5.7,30.4,79.75,1020.802083,1371.7,38900
196,2/5/2007,apacpnut,29.7021,-84.8802,7.3,11.6,16,8.1,6.4,0.002,0.011,0.152,1.8,12.5,57.375,1029.229167,1156.2,28200
709,7/9/2013,apambnut,29.6677,-84.994,7.54,28.5,11.8,7.8,9.5,0.005,0.054,0.16,6,30.4,79.75,1020.802083,1371.7,38900
300,3/11/2008,apambnut,29.6677,-84.994,8.61,15.4,4.1,7.5,5.2,0.006,0.049,0.279,4,19.3,92.13541667,1018.5625,1141.2,36100
39,8/2/2004,apapcnut,29.6079,-85.0196,5.94,30.2,27.4,7.9,16,0.001,0.004,0.007,7.7,32.1,82.89010989,1013.229167,1675.6,12600
358,11/4/2008,apaesnut,29.7858,-84.8752,8.12,19.5,21.4,8,6.8,0.002,0.154,0.0062,13.2,19.3,82.76041667,1019.614583,859.2,12200
662,11/6/2012,apaebnut,29.7858,-84.8752,7.31,21.7,17.2,8.5,7.5,0.003,0.023,0.004,8.49,20.8,74.36458333,1012.96875,1312.5,7670
875,11/2/2021,apawpnut,29.6379,-85.089,8.34,20,28.4,8.1,10.4,0.004,0.006,0.046,13,25,79.125,1020.833333,1280.9,22100
75,1/4/2005,apaesnut,29.7858,-84.8752,7.72,16,4.7,7.6,6.6,0.028,0.046,0.081,1.28,21.7,89.11458333,1027.46875,940.6,28900
557,6/7/2011,apaegnut,29.7308,-84.9452,6.05,30,18.3,7.9,11.6,0.003,0.015,0.004,24.1,29.9,78.01041667,1013.65625,1593.9,6540
308,4/21/2008,apambnut,29.6677,-84.994,7.04,22.4,19.2,8.2,4,0.002,0.014,0.097,2.9,29.1,67.0625,1013.520833,1740,20100
371,4/15/2009,apadbnut,29.6747,-85.0583,7.28,18.5,2.6,8.2,50.1,0.01,0.174,0.203,2.2,21.3,71.01041667,1016.697917,1808.6,69500
690,4/2/2013,apadbnut,29.6747,-85.0583,7.9,18.5,16.2,8.4,6.3,0.003,0.07,0.091,7.82,24.4,67.8125,1017.875,1474.6,34300
112,7/8/2005,apaegnut,29.7308,-84.9452,7.2,28.1,1.8,8,27,0.001,0.069,0.418,3.84,31.7,75.1875,1016.260417,1533.8,23900
127,11/30/2005,apadbnut,29.6747,-85.0583,6.4,16.2,19.9,7.9,6.9,0.001,0.018,0.073,0.85,16.1,67.63541667,1019.96875,977.1,19100
635,7/3/2012,apaegnut,29.7308,-84.9452,5.52,30.3,12.3,7.7,6.3,0.003,0.057,0.081,3.35,31.4,82.6875,1017.041667,1788.7,7760
28,3/9/2004,apaesnut,29.7858,-84.8752,6.81,18.1,2,8.3,24.9,0.001,0.101,0.1,16,19.6,54.57291667,1018.052083,1432.5,28600
486,6/8/2010,aparvnut,29.7791,-85.0434,5.58,28.6,0.1,7,5,0.009,0.046,0.504,3.8,30.4,66.89583333,1016.333333,1840.3,19200
323,6/9/2008,apascnut,29.6067,-84.9467,5.97,29.6,34.8,8.3,3.5,0.002,0.026,0.0062,2.7,31,80.09375,1016.09375,1658.5,6350
338,9/8/2008,apaegnut,29.7308,-84.9452,5.06,29.8,4.4,7.3,7,0.007,0.077,0.099,9.6,30.9,79.23958333,1016.40625,1822.6,19100
63,11/30/2004,apawpnut,29.6379,-85.089,8,17.8,13.9,8,5.3,0.013,0.017,0.195,3,22.7,88.53125,1021.40625,883.7,36000
688,3/4/2013,aparvnut,29.7791,-85.0434,8.02,13.3,0,8.5,41.3,0.017,0.053,0.25,1.56,13.9,66.16666667,1021.854167,1264,104000
707,7/9/2013,apadbnut,29.6747,-85.0583,6.65,27.7,5.3,7.8,11.4,0.005,0.027,0.18,11,30.4,79.75,1020.802083,1371.7,38900
509,10/6/2010,apambnut,29.6677,-84.994,8.1,20.5,19.1,8.1,6.2,0.003,0.022,0.076,9.8,24.3,54.01041667,1019.572917,1483,10600
502,9/8/2010,aparvnut,29.7791,-85.0434,6.09,29.9,0.1,7.6,3.5,0.004,0.053,0.31,6.9,30.3,79.40625,1016.0625,1799.5,9360
748,1/13/2014,apacpnut,29.7021,-84.8802,10.53,11.2,7.2,8.1,7.5,0.004,0.021,0.32,5.4,18,100,1018.052083,933.3,32100
275,12/4/2007,apawpnut,29.6379,-85.089,6.3,17.7,30.7,8.3,10.7,0.002,0.032,0.002,7.6,16.3,65.33333333,1017.479167,1111.5,5550
764,9/3/2014,apacpnut,29.7021,-84.8802,5.61,31.1,23.2,8.2,6.7,0.004,0.048,0.004,9.6,31.5,84.08333333,1016.59375,1862.8,9100
548,5/11/2011,apadbnut,29.6747,-85.0583,5.61,26.7,24.7,8.1,12.1,0.004,0.05,0.006,8.5,28.4,83.58333333,1014.645833,1585.1,10700
838,8/2/2016,apacpnut,29.7021,-84.8802,5.4,30.7,20.3,7.9,10.42,0.004,0.017,0.005,10,31.9,84.17708333,1018.770833,1935.2,8280
437,1/12/2010,apadbnut,29.6747,-85.0583,11.27,5.7,6.1,8,15.6,0.002,0.149,0.216,4.2,14.1,62.20833333,1027.21875,1177.4,29300
280,12/4/2007,apaesnut,29.7858,-84.8752,6.9,16.4,23.1,8.3,8.5,0.002,0.009,0.003,8.9,16.3,65.33333333,1017.479167,1111.5,5550
726,10/8/2013,apawpnut,29.6379,-85.089,5.99,25.8,20.9,8,20.9,0.004,0.039,0.11,8,27.9,82.42708333,1013.677083,1370.5,14500
362,11/4/2008,aparvnut,29.7791,-85.0434,7.88,18.3,0.1,8.2,10.9,0.007,0.028,0.643,4.5,19.3,82.76041667,1019.614583,859.2,12200
154,8/8/2006,apambnut,29.6677,-84.994,6.9,32.1,22.2,8,6.3,0.001,0.004,0.007,6.54,33.4,80.21875,1019.020833,0,7120
682,3/4/2013,apadbnut,29.6747,-85.0583,9.11,14.2,2.9,7.8,33.7,0.004,0.09,0.24,3.35,13.9,66.16666667,1021.854167,1264,104000
648,9/5/2012,apadbnut,29.6747,-85.0583,6.16,28.5,32.2,8.3,9.3,0.003,0.019,0.005,8.71,28.9,82.44791667,1013.197917,1684.8,7440
440,1/12/2010,apawpnut,29.6379,-85.089,9.99,7.4,15.2,8,24.1,0.002,0.019,0.194,4.5,14.1,62.20833333,1027.21875,1177.4,29300
324,6/9/2008,apanhnut,29.6504,-84.9289,6.42,30,22.5,8,3.6,0.002,0.03,0.0062,5.2,31,80.09375,1016.09375,1658.5,6350
413,9/8/2009,apacpnut,29.7021,-84.8802,6.2,28.4,29.6,7.8,22.3,0.006,0.028,0.011,7.4,30,74.03125,1015.208333,1793.3,17200
380,5/5/2009,apaegnut,29.7308,-84.9452,4.3,25.7,3.6,8.2,27,0.001,0.023,0.475,15.9,26.9,86.8125,1017.09375,1833.6,23200
221,5/8/2007,apacpnut,29.7021,-84.8802,5.74,22.4,27.7,8.2,39.1,0.003,0.091,0.01,8.5,28.3,48.72916667,1014.5625,1787.7,8410
10,1/8/2004,apaesnut,29.7858,-84.8752,10.55,10.3,11.3,8.3,7.6,0.001,0.004,0.023,10.9,14.4,59.3125,1028.322917,1243.2,13600
334,8/5/2008,aparvnut,29.7791,-85.0434,5.54,30.1,0.1,8.4,5.9,0.003,0.018,0.029,10.5,31.9,84.66666667,1018.385417,1906.2,7340
584,10/5/2011,apambnut,29.6677,-84.994,7.42,22.9,22.7,8.3,9.4,0.003,0.015,0.01,7.4,25.9,71.52083333,1019.84375,1547.5,7400
155,8/8/2006,aparvnut,29.7791,-85.0434,6.4,31.1,0.1,7.7,5.3,0.001,0.014,0.141,10.72,33.4,80.21875,1019.020833,0,7120
48,9/8/2004,apambnut,29.6677,-84.994,7.59,29.1,21.3,7.7,7.8,0.001,0.012,0.064,2.6,30.7,84.96296296,1011.333333,1385.3,11900
790,2/17/2016,apacpnut,29.7021,-84.8802,10,14.5,3.1,8,16.4,0.006,0.011,0.38,7.3,20.7,74.9375,1019.760417,1358.3,38600
318,5/13/2008,apanhnut,29.6504,-84.9289,7.1,23.8,30.7,8.3,11.1,0.002,0.018,0.0062,9.2,24.6,67.07291667,1016.59375,1642.5,7840
298,3/11/2008,apadbnut,29.6747,-85.0583,9.35,15.6,6.6,7.5,3.1,0.003,0.067,0.191,3.1,19.3,92.13541667,1018.5625,1141.2,36100
189,2/5/2007,apadbnut,29.6747,-85.0583,8.01,11.3,10.1,8.1,5.1,0.001,0.015,0.209,1.8,12.5,57.375,1029.229167,1156.2,28200
135,1/4/2006,aparvnut,29.7791,-85.0434,6.5,15.5,0.1,8.2,12.3,0.002,0.03,0.47,0.5,17.6,84.8125,1018.770833,1051.4,27500
725,9/4/2013,aparvnut,29.7791,-85.0434,4.29,26.8,0.1,7.7,6.4,0.015,0.021,0.24,1.2,31.1,84.08333333,1017.333333,1301.2,32000
360,11/4/2008,apanhnut,29.6504,-84.9289,7.2,18,28.1,7.8,4.1,0.002,0.017,0.0062,3.4,19.3,82.76041667,1019.614583,859.2,12200
117,11/8/2005,apadbnut,29.6747,-85.0583,7.8,23.4,15.6,8,5.1,0.001,0.019,0.234,1.71,27.1,84.23958333,1022.958333,1077.9,11000
175,11/29/2006,apawpnut,29.6379,-85.089,9,17.4,14,7.8,6.5,0.001,0.004,0.042,5.47,23.5,84.90625,1020.552083,1194.7,18400
811,6/1/2016,apambnut,29.6677,-84.994,8.3,29.5,18.1,8.5,5.7,0.004,0.006,0.021,13,30,81.13541667,1015.916667,1897.1,14600
57,11/8/2004,apambnut,29.6677,-84.994,94.8,21.7,10.1,8,4.8,0.002,0.021,0.269,1.3,24.7,77.82022472,1019.385417,988.9,21300
233,7/10/2007,apambnut,29.6677,-84.994,5.3,30.8,34.3,8.3,8.9,0.002,0.026,0.0014,4,31.8,80.28125,1017.989583,1896.6,6390
837,8/2/2016,apanhnut,29.6504,-84.9289,6.2,30,22.5,7.9,3.86,0.004,0.005,0.004,8.5,31.9,84.17708333,1018.770833,1935.2,8280
608,1/10/2012,aparvnut,29.7791,-85.0434,7.54,15.7,0.1,8.5,5.4,0.006,0.029,0.551,1.34,19.5,85.625,1015.15625,581.2,7360
255,9/10/2007,apacpnut,29.7021,-84.8802,5.7,29.7,35.2,8,15,0.006,0.011,0.002,13.6,31.2,84.02083333,1015.78125,1908.5,7490
815,6/1/2016,apascnut,29.6067,-84.9467,7.2,26.8,33.8,8.3,3.2,0.004,0.029,0.004,1.6,30,81.13541667,1015.916667,1897.1,14600
